Counter,coll.date,count.date,Trt,PlantNo,Farm,BranchTrt,BranchCode,total.berries,berry.no,mass,brix,big.seeds,med.seeds,lil.seeds,totalseeds,big.med.seeds,percent.big.med.seeds
MM,8/5/2019,8/13/2019,E,215,Adams,Co,CoD,7,1,1.7329,11,40,58,11,109,98,0.899082569
MM,8/5/2019,8/13/2019,E,215,Adams,Co,CoD,7,2,1.1469,13,3,54,19,76,57,0.75
MM,8/5/2019,8/13/2019,E,215,Adams,Co,CoD,7,3,1.3742,12,12,77,16,105,89,0.847619048
MM,7/30/2019,8/13/2019,E,215,Adams,Co,CoD,4,4,1.3366,12,14,69,4,87,83,0.954022989
MM,7/30/2019,8/13/2019,E,215,Adams,Co,CoD,4,5,1.6824,11,18,71,10,99,89,0.898989899
MM,8/6/2019,8/13/2019,E,215,Adams,Co,CoA,3,1,1.2844,12.5,16,71,14,101,87,0.861386139
MM,7/26/2019,8/13/2019,E,215,Adams,Co,CoA,2,2,1.574,11,40,47,9,96,87,0.90625
MM,8/2/2019,8/13/2019,E,215,Adams,Co,CoA,1,3,1.2666,10,25,58,9,92,83,0.902173913
MM,7/30/2019,8/13/2019,E,215,Adams,Co,CoA,4,4,1.5402,11,13,64,14,91,77,0.846153846
MM,7/30/2019,8/13/2019,E,215,Adams,Co,CoA,4,5,1.5208,11,25,68,17,110,93,0.845454545
MM,7/29/2019,8/15/2019,C,9,Charlotte,HP,HPA,5,1,1.7604,17,52,25,11,88,77,0.875
MM,7/29/2019,8/15/2019,C,9,Charlotte,HP,HPA,5,2,2.1885,15,49,33,6,88,82,0.931818182
MM,8/9/2019,8/15/2019,C,9,Charlotte,HP,HPA,7,3,1.6599,17,59,7,9,75,66,0.88
MM,8/9/2019,8/15/2019,C,9,Charlotte,HP,HPA,7,4,1.4071,14,54,7,8,69,61,0.884057971
MM,8/9/2019,8/15/2019,C,9,Charlotte,HP,HPA,7,5,0.9916,15,35,26,9,70,61,0.871428571
MM,8/5/2019,8/15/2019,C,9,Charlotte,Co,CoA,4,1,1.1925,20,9,36,18,63,45,0.714285714
MM,8/14/2019,8/15/2019,C,9,Charlotte,Co,CoA,1,2,0.7841,15,25,31,7,63,56,0.888888889
MM,7/24/2019,8/15/2019,C,9,Charlotte,Co,CoA,2,3,2.7107,14,42,30,7,79,72,0.911392405
MM,7/26/2019,8/15/2019,C,9,Charlotte,Co,CoA,1,4,1.9455,16,17,55,9,81,72,0.888888889
MM,8/9/2010,8/15/2019,C,9,Charlotte,Co,CoA,3,5,1.6335,14,22,19,9,50,41,0.82
MM,8/5/2019,8/15/2019,C,9,Charlotte,Co,CoB,3,1,1.4212,14,40,26,3,69,66,0.956521739
MM,8/5/2019,8/15/2019,C,9,Charlotte,Co,CoB,3,2,1.2121,13,46,29,4,79,75,0.949367089
MM,8/5/2019,8/15/2019,C,9,Charlotte,Co,CoB,3,3,1.9158,16,25,35,9,69,60,0.869565217
MM,7/31/2019,8/15/2019,C,9,Charlotte,Co,CoB,1,4,1.7535,15,24,41,8,73,65,0.890410959
MM,8/9/2019,8/15/2019,C,9,Charlotte,Co,CoB,1,5,1.2882,20,4,23,25,52,27,0.519230769
MM,8/5/2019,8/15/2019,C,368,Knoll,HP,HPB,6,1,2.3156,13,48,33,8,89,81,0.91011236
MM,8/5/2019,8/15/2019,C,368,Knoll,HP,HPB,6,2,2.0915,15,35,36,3,74,71,0.959459459
MM,8/5/2019,8/15/2019,C,368,Knoll,HP,HPB,6,3,2.6807,15,35,46,9,90,81,0.9
MM,8/9/2019,8/15/2019,C,368,Knoll,HP,HPB,2,4,1.8691,12,29,46,7,82,75,0.914634146
MM,8/9/2019,8/15/2019,C,368,Knoll,HP,HPB,2,5,1.9115,11,9,63,6,78,72,0.923076923
MM,8/2/2019,8/15/2019,C,45,Adams,Co,CoA,1,1,1.7968,12,14,73,5,92,87,0.945652174
MM,8/5/2019,8/15/2019,C,45,Adams,Co,CoA,2,2,1.5439,12,6,72,16,94,78,0.829787234
MM,8/5/2019,8/15/2019,C,45,Adams,Co,CoA,2,3,1.9981,11,39,64,2,105,103,0.980952381
MM,8/9/2019,8/15/2019,C,45,Adams,Co,CoA,2,4,1.7273,11,28,49,6,83,77,0.927710843
MM,8/9/2019,8/15/2019,C,45,Adams,Co,CoA,2,5,1.5386,11,34,47,6,87,81,0.931034483
MM,8/9/2019,8/15/2019,C,9,Charlotte,HP,HPC,1,1,1.5228,18,54,6,8,68,60,0.882352941
MM,8/5/2019,8/15/2019,C,9,Charlotte,HP,HPC,4,2,1.2038,16,55,5,4,64,60,0.9375
MM,8/5/2019,8/15/2019,C,9,Charlotte,HP,HPC,4,3,1.4377,16,69,8,5,82,77,0.93902439
MM,8/5/2019,8/15/2019,C,9,Charlotte,HP,HPC,4,4,1.0577,13,65,4,5,74,69,0.932432432
MM,8/5/2019,8/15/2019,C,9,Charlotte,HP,HPC,4,5,1.2478,15,58,5,8,71,63,0.887323944
MM,7/26/2019,8/16/2019,C,322,FullBelly,HP,HPA,5,1,1.2494,14,16,39,6,61,55,0.901639344
MM,7/26/2019,8/16/2019,C,322,FullBelly,HP,HPA,5,2,1.6381,18,26,28,5,59,54,0.915254237
MM,7/26/2019,8/16/2019,C,322,FullBelly,HP,HPA,5,3,1.1747,13.5,21,26,14,61,47,0.770491803
MM,7/31/2019,8/16/2019,C,322,FullBelly,HP,HPA,2,4,2.2095,15,30,26,8,64,56,0.875
MM,7/31/2019,8/16/2019,C,322,FullBelly,HP,HPA,2,5,1.7971,14,35,17,5,57,52,0.912280702
MM,7/31/2019,8/16/2019,C,3,Isham,HP,HPA,3,1,2.6931,13,70,25,16,111,95,0.855855856
MM,7/31/2019,8/16/2019,C,3,Isham,HP,HPA,3,2,2.2662,15,27,64,14,105,91,0.866666667
MM,7/31/2019,8/16/2019,C,3,Isham,HP,HPA,3,3,2.5244,13.5,50,35,16,101,85,0.841584158
MM,8/6/2019,8/16/2019,C,3,Isham,HP,HPA,2,4,1.7309,18,32,49,7,88,81,0.920454545
MM,7/22/2019,8/16/2019,C,3,Isham,HP,HPA,2,5,2.4774,14,55,35,17,107,90,0.841121495
MM,8/5/2019,8/16/2019,C,222,Charlotte,Co,CoA,3,1,0.6509,11,27,51,5,83,78,0.939759036
MM,8/5/2019,8/16/2019,C,222,Charlotte,Co,CoA,3,2,0.7225,12,39,51,13,103,90,0.873786408
MM,8/5/2019,8/16/2019,C,222,Charlotte,Co,CoA,3,3,0.6128,10,34,55,4,93,89,0.956989247
MM,8/9/2019,8/16/2019,C,222,Charlotte,Co,CoA,3,4,0.5804,10,18,76,5,99,94,0.949494949
MM,8/9/2019,8/16/2019,C,222,Charlotte,Co,CoA,3,5,0.6097,13,27,26,40,93,53,0.569892473
MM,7/31/2019,8/16/2019,C,99,Adams,HP,HPA,1,1,0.7906,14,20,17,28,65,37,0.569230769
MM,8/5/2019,8/16/2019,C,99,Adams,HP,HPA,5,2,1.2273,12,26,11,30,67,37,0.552238806
MM,8/5/2019,8/16/2019,C,99,Adams,HP,HPA,5,3,1.4271,11,21,28,34,83,49,0.590361446
MM,8/5/2019,8/16/2019,C,99,Adams,HP,HPA,5,4,1.2021,9,39,15,24,78,54,0.692307692
MM,8/5/2019,8/16/2019,C,99,Adams,HP,HPA,5,5,0.8341,9,26,17,29,72,43,0.597222222
MM,7/31/2019,8/16/2019,A,146,FullBelly,Co,CoB,4,1,1.8551,10,52,43,7,102,95,0.931372549
MM,7/31/2019,8/16/2019,A,146,FullBelly,Co,CoB,4,2,1.5919,9,14,77,5,96,91,0.947916667
MM,7/31/2019,8/16/2019,A,146,FullBelly,Co,CoB,4,3,1.6621,11,32,55,7,94,87,0.925531915
MM,7/31/2019,8/16/2019,A,146,FullBelly,Co,CoB,4,4,1.8123,7,39,41,14,94,80,0.85106383
MM,7/29/2019,8/16/2019,A,146,FullBelly,Co,CoB,1,5,1.7783,11,35,61,5,101,96,0.95049505
MM,7/29/2019,8/20/2019,C,250,Isham,Co,CoA,3,1,1.4891,10,49,49,8,106,98,0.924528302
MM,7/29/2019,8/20/2019,C,250,Isham,Co,CoA,3,2,1.5531,11,22,69,7,98,91,0.928571429
MM,7/29/2019,8/20/2019,C,250,Isham,Co,CoA,3,3,1.7128,12,40,63,7,110,103,0.936363636
MM,8/9/2019,8/20/2019,C,151,Isham,Co,CoA,1,1,0.8395,17,0,34,30,64,34,0.53125
MM,8/19/2019,8/20/2019,C,151,Isham,Co,CoA,1,1,0.2313,11,0,0,9,9,0,0
MM,7/31/2019,8/20/2019,C,151,Isham,Co,CoB,3,1,1.0118,8,26,47,11,84,73,0.869047619
MM,8/1/2019,8/20/2019,C,151,Isham,Co,CoB,3,2,2.7693,14,37,29,9,75,66,0.88
MM,8/2/2019,8/20/2019,C,151,Isham,Co,CoB,3,3,1.4009,9,5,49,28,82,54,0.658536585
MM,8/3/2019,8/20/2019,C,151,Isham,HP,HPA,2,1,1.0504,9,2,25,30,57,27,0.473684211
MM,8/4/2019,8/20/2019,C,151,Isham,HP,HPA,2,2,1.0284,10,9,63,10,82,72,0.87804878
MM,7/22/2019,8/20/2019,C,307,Adams,Co,CoB,1,1,0.6744,14,2,28,6,36,30,0.833333333
MM,7/22/2019,8/20/2019,C,307,Adams,HP,HPB,1,1,1.3664,14,16,38,6,60,54,0.9
MM,7/26/2019,8/20/2019,C,307,Adams,HP,HPB,2,1,1.1149,14,30,15,5,50,45,0.9
MM,7/26/2019,8/20/2019,C,307,Adams,HP,HPB,2,2,1.3938,13,46,20,16,82,66,0.804878049
MM,7/19/2019,8/20/2019,C,307,Adams,HP,HPB,1,1,2.2652,11,42,35,10,87,77,0.885057471
MM,7/19/2019,8/20/2019,C,307,Adams,Co,CoA,1,1,2.0531,10,36,27,8,71,63,0.887323944
MM,8/14/2019,8/20/2019,C,45,Adams,HP,HPA,3,1,2.2993,12,37,55,12,104,92,0.884615385
MM,8/14/2019,8/20/2019,C,45,Adams,HP,HPA,3,2,1.8264,10,34,56,6,96,90,0.9375
MM,8/14/2019,8/20/2019,C,45,Adams,HP,HPA,3,3,2.0202,11,24,59,4,87,83,0.954022989
MM,8/16/2019,8/20/2019,C,45,Adams,HP,HPA,1,1,1.3331,13,10,47,18,75,57,0.76
MM,8/6/2019,8/20/2019,C,45,Adams,HP,HPB,1,1,1.3102,10,26,43,10,79,69,0.873417722
MM,8/14/2019,8/20/2019,C,45,Adams,Co,CoB,1,1,1.2173,13,20,54,6,80,74,0.925
MM,8/9/2019,8/20/2019,C,45,Adams,Co,CoB,1,1,1.0309,9,20,52,12,84,72,0.857142857
MM,8/2/2019,8/20/2019,C,45,Adams,Co,CoB,1,1,1.5126,10,30,60,7,97,90,0.927835052
MM,7/26/2019,8/20/2019,C,322,FullBelly,Co,CoA,1,1,1.1881,12,17,38,6,61,55,0.901639344
MM,7/31/2019,8/20/2019,C,322,FullBelly,Co,CoA,1,1,0.6027,11,8,32,5,45,40,0.888888889
MM,7/22/2019,8/20/2019,C,322,FullBelly,Co,CoA,2,1,1.5001,11,28,21,4,53,49,0.924528302
MM,7/22/2019,8/20/2019,C,322,FullBelly,Co,CoA,2,2,1.8006,6,32,23,4,59,55,0.93220339
MM,7/31/2019,8/20/2019,C,98,Charlotte,HP,HPA,2,1,1.4911,13,41,27,9,77,68,0.883116883
MM,7/31/2019,8/20/2019,C,98,Charlotte,HP,HPA,2,2,1.8856,13,50,33,9,92,83,0.902173913
MM,7/31/2019,8/20/2019,C,98,Charlotte,Co,CoB,2,1,1.4602,12,20,57,12,89,77,0.865168539
MM,7/31/2019,8/20/2019,C,98,Charlotte,Co,CoB,2,2,2.1046,13,33,40,9,82,73,0.890243902
MM,7/24/2019,8/20/2019,C,86,FullBelly,HP,HPA,2,1,1.9281,10,31,50,8,89,81,0.91011236
MM,7/24/2019,8/20/2019,C,86,FullBelly,HP,HPA,2,2,1.7405,9,19,61,8,88,80,0.909090909
MM,7/26/2019,8/20/2019,C,86,FullBelly,HP,HPA,2,1,1.8203,8,37,37,5,79,74,0.936708861
MM,7/26/2019,8/20/2019,C,86,FullBelly,HP,HPA,2,2,1.3563,9,19,67,9,95,86,0.905263158
MM,7/22/2019,8/20/2019,C,86,FullBelly,HP,HPB,1,1,1.4859,12,15,69,7,91,84,0.923076923
MM,7/26/2019,8/20/2019,C,86,FullBelly,HP,HPB,1,1,1.0893,11,15,56,3,74,71,0.959459459
MM,8/16/2019,8/20/2019,C,10,Isham,Co,CoA,1,1,1.5473,13,12,59,4,75,71,0.946666667
MM,8/19/2019,8/20/2019,C,45,Adams,Co,CoA,1,1,0.3906,8,0,0,3,3,0,0
MM,8/5/2019,8/20/2019,C,46,Adams,HP,HPB,2,1,1.5379,7,34,33,13,80,67,0.8375
MM,8/5/2019,8/20/2019,C,46,Adams,HP,HPB,2,2,1.4958,11,46,49,8,103,95,0.922330097
MM,7/29/2019,8/20/2019,C,321,Boutin,Co,CoA,2,1,1.4665,10,39,36,5,80,75,0.9375
MM,7/29/2019,8/20/2019,C,321,Boutin,Co,CoA,2,2,1.4091,9,49,41,6,96,90,0.9375
MM,7/24/2019,8/20/2019,C,86,FullBelly,Co,CoB,1,1,1.9768,9,31,55,3,89,86,0.966292135
MM,7/26/2019,8/20/2019,C,86,FullBelly,Co,CoB,2,1,1.7159,9,29,45,7,81,74,0.913580247
MM,7/22/2019,8/20/2019,C,86,FullBelly,Co,CoA,3,1,1.8546,12,30,53,5,88,83,0.943181818
MM,7/22/2019,8/20/2019,C,86,FullBelly,Co,CoA,3,2,2.2522,12,37,49,5,91,86,0.945054945
MM,7/22/2019,8/20/2019,C,86,FullBelly,Co,CoA,3,3,2.2195,11,36,46,7,89,82,0.921348315
MM,7/24/2019,8/20/2019,C,86,FullBelly,Co,CoA,1,1,1.5337,10,9,76,6,91,85,0.934065934
MM,7/18/2019,8/21/2019,C,307,Adams,Co,CoA,3,1,2.1442,13,28,30,11,69,58,0.84057971
MM,7/18/2019,8/21/2019,C,307,Adams,Co,CoA,3,2,1.8259,13,7,39,15,61,46,0.754098361
MM,7/18/2019,8/21/2019,C,307,Adams,Co,CoA,3,3,2.7886,13,36,22,9,67,58,0.865671642
MM,7/15/2019,8/21/2019,C,307,Adams,Co,CoA,5,4,1.6937,9,30,16,2,48,46,0.958333333
MM,7/18/2019,8/21/2019,C,307,Adams,HP,HPB,5,1,3.0237,13,56,18,7,81,74,0.913580247
MM,7/18/2019,8/21/2019,C,307,Adams,Co,CoB,5,1,2.1403,11,17,37,15,69,54,0.782608696
MM,7/18/2019,8/21/2019,C,307,Adams,Co,CoB,5,2,2.0659,10,36,36,9,81,72,0.888888889
MM,7/18/2019,8/21/2019,C,307,Adams,Co,CoB,5,3,2.1851,10,29,43,8,80,72,0.9
MM,7/18/2019,8/21/2019,C,307,Adams,Co,CoB,5,4,1.3184,9,6,35,27,68,41,0.602941176
MM,7/31/2019,8/21/2019,C,96,Boutin,Co,CoA,1,1,0.6567,15,43,28,8,79,71,0.898734177
MM,7/29/2019,8/21/2019,C,96,Boutin,Co,CoA,2,2,0.6502,16,11,69,18,98,80,0.816326531
MM,7/29/2019,8/21/2019,C,96,Boutin,Co,CoA,2,3,0.7043,13,13,62,10,85,75,0.882352941
MM,8/9/2019,8/21/2019,C,40,Isham,Co,CoA,1,1,1.5309,13,19,35,6,60,54,0.9
MM,8/12/2019,8/21/2019,C,40,Isham,Co,CoA,1,2,0.9614,16,17,46,11,74,63,0.851351351
MM,8/5/2019,8/21/2019,C,40,Isham,HP,HPA,1,1,2.1061,12,29,27,4,60,56,0.933333333
MM,7/31/2019,8/21/2019,C,40,Isham,HP,HPB,1,1,1.5895,11,21,36,10,67,57,0.850746269
MM,7/18/2018,8/21/2019,C,307,Adams,HP,HPC,1,1,1.6145,12,8,35,17,60,43,0.716666667
MM,7/15/2019,8/21/2019,C,307,Adams,HP,HPC,1,1,1.9337,10,19,46,4,69,65,0.942028986
MM,7/18/2018,8/21/2019,C,307,Adams,Co,CoC,2,1,0.4982,9,1,15,3,19,16,0.842105263
MM,7/18/2018,8/21/2019,C,307,Adams,Co,CoC,2,2,2.4402,12,38,24,12,74,62,0.837837838
MM,7/18/2018,8/21/2019,C,307,Adams,Co,CoC,2,1,1.9285,10,9,48,17,74,57,0.77027027
MM,7/18/2018,8/21/2019,C,307,Adams,Co,CoC,2,2,2.2239,9,21,34,21,76,55,0.723684211
MM,8/5/2019,8/21/2019,A,241,Adams,Co,CoA,1,1,1.9724,14,28,65,5,98,93,0.948979592
MM,8/9/2019,8/21/2019,A,241,Adams,Co,CoA,2,2,1.6814,16,19,60,5,84,79,0.94047619
MM,8/9/2019,8/21/2019,A,241,Adams,Co,CoA,2,3,1.9255,15,16,55,11,82,71,0.865853659
MM,8/16/2019,8/21/2019,A,241,Adams,Co,CoA,1,4,1.5025,12,21,52,7,80,73,0.9125
MM,8/12/2019,8/21/2019,C,99,Adams,Co,CoA,1,1,0.3593,15,19,15,20,54,34,0.62962963
MM,7/31/2019,8/21/2019,C,99,Adams,Co,CoA,1,2,0.6926,10,6,37,29,72,43,0.597222222
MM,7/26/2019,8/21/2019,A,153,FullBelly,Co,CoA,1,1,1.7241,9,32,65,11,108,97,0.898148148
MM,7/29/2019,8/21/2019,A,153,FullBelly,HP,HPB,1,1,1.5397,12,18,52,13,83,70,0.843373494
MM,7/31/2019,8/21/2019,A,73,Charlotte,HP,HPA,1,1,1.8121,12,33,60,7,100,93,0.93
MM,8/6/2019,8/21/2019,A,73,Charlotte,HP,HPA,2,1,1.3338,12,20,69,8,97,89,0.917525773
MM,8/6/2019,8/21/2019,A,73,Charlotte,HP,HPA,2,2,1.8511,10,26,76,7,109,102,0.935779817
MM,7/24/2019,8/21/2019,A,73,Charlotte,HP,HPA,2,1,2.2666,10,32,56,7,95,88,0.926315789
MM,7/24/2019,8/21/2019,A,73,Charlotte,HP,HPA,2,2,2.5325,15,82,13,11,106,95,0.896226415
MM,8/19/2019,8/21/2019,A,72,Boutin,Co,CoA,1,1,1.4823,16,5,11,8,24,16,0.666666667
MM,8/9/2019,8/21/2019,A,72,Boutin,HP,HPA,1,1,1.9462,12,42,31,15,88,73,0.829545455
MM,7/22/2019,8/21/2019,A,64,Charlotte,HP,HPA,1,1,2.3647,16,38,50,11,99,88,0.888888889
MM,7/26/2019,8/21/2019,A,64,Charlotte,HP,HPA,1,1,1.8368,15,14,60,7,81,74,0.913580247
MM,8/2/2019,8/21/2019,A,64,Charlotte,HP,HPA,1,1,1.1121,14,11,62,9,82,73,0.890243902
MM,6/29/2019,8/21/2019,A,64,Charlotte,HP,HPA,1,1,1.7072,14,13,59,9,81,72,0.888888889
MM,7/24/2019,8/21/2019,A,64,Charlotte,HP,HPA,2,1,2.2513,12,69,12,8,89,81,0.91011236
MM,8/2/2019,8/21/2019,A,64,Charlotte,HP,HPB,4,1,1.5054,15,28,42,3,73,70,0.95890411
MM,8/2/2019,8/21/2019,A,64,Charlotte,HP,HPB,4,2,1.5506,16,24,64,10,98,88,0.897959184
MM,8/2/2019,8/21/2019,A,64,Charlotte,HP,HPB,4,3,1.7599,16,46,42,9,97,88,0.907216495
MM,8/2/2019,8/21/2019,A,64,Charlotte,HP,HPB,4,4,1.6658,13,36,44,8,88,80,0.909090909
MM,7/26/2019,8/21/2019,A,64,Charlotte,HP,HPB,1,1,2.1395,13,30,63,7,100,93,0.93
MM,8/5/2019,8/21/2019,E,331,FullBelly,HP,HPC,6,1,1.0299,16,6,57,16,79,63,0.797468354
MM,8/5/2019,8/21/2019,E,331,FullBelly,HP,HPC,6,2,1.0551,8,33,46,14,93,79,0.849462366
MM,7/31/2019,8/21/2019,E,331,FullBelly,HP,HPC,4,3,0.9579,12,16,61,9,86,77,0.895348837
MM,7/29/2019,8/21/2019,E,331,FullBelly,HP,HPC,5,4,1.2672,13,12,56,15,83,68,0.819277108
MM,8/9/2019,8/21/2019,E,331,FullBelly,HP,HPC,2,5,1.0847,13,26,47,8,81,73,0.901234568
MM,8/6/2019,8/21/2019,E,331,FullBelly,HP,HPA,1,1,1.0649,15,17,91,12,120,108,0.9
MM,7/29/2019,8/21/2019,E,331,FullBelly,HP,HPA,2,1,1.6565,15,28,55,14,97,83,0.855670103
MM,7/29/2019,8/21/2019,E,331,FullBelly,HP,HPA,2,2,1.5024,12,26,47,21,94,73,0.776595745
MM,8/2/2019,8/21/2019,E,331,FullBelly,HP,HPA,2,1,1.3008,12,33,42,14,89,75,0.842696629
MM,8/2/2019,8/21/2019,E,331,FullBelly,HP,HPA,2,2,1.2516,12,20,34,18,72,54,0.75
MM,7/29/2019,8/21/2019,E,331,FullBelly,HP,HPD,1,1,1.5499,10,16,48,10,74,64,0.864864865
MM,8/5/2019,8/21/2019,E,331,FullBelly,HP,HPD,1,1,1.9667,10,49,59,7,115,108,0.939130435
MM,7/29/2019,8/21/2019,E,331,FullBelly,Co,CoD,4,1,0.9891,12,16,37,6,59,53,0.898305085
MM,7/29/2019,8/21/2019,E,331,FullBelly,Co,CoD,4,2,1.9434,16,26,43,9,78,69,0.884615385
MM,7/29/2019,8/21/2019,E,331,FullBelly,Co,CoD,4,3,1.9925,14,23,53,14,90,76,0.844444444
MM,7/29/2019,8/21/2019,E,331,FullBelly,Co,CoD,4,4,1.9909,14,30,42,14,86,72,0.837209302
MM,8/6/2019,8/21/2019,E,331,FullBelly,Co,CoD,1,5,1.5206,11,23,49,6,78,72,0.923076923
MM,7/29/2019,8/21/2019,E,331,FullBelly,Co,CoA,4,1,1.2029,15,6,60,17,83,66,0.795180723
MM,7/29/2019,8/21/2019,E,331,FullBelly,Co,CoA,4,2,1.5431,13,21,38,18,77,59,0.766233766
MM,7/29/2019,8/21/2019,E,331,FullBelly,Co,CoA,4,3,1.4341,13,29,66,10,105,95,0.904761905
MM,7/29/2019,8/21/2019,E,331,FullBelly,Co,CoA,4,4,1.5105,12,31,36,8,75,67,0.893333333
MM,7/31/2019,8/21/2019,E,331,FullBelly,Co,CoA,1,1,1.2542,11,10,63,19,92,73,0.793478261
MM,8/5/2019,8/21/2019,E,331,FullBelly,Co,CoB,2,1,1.8323,12,46,41,9,96,87,0.90625
MM,8/5/2019,8/21/2019,E,331,FullBelly,Co,CoB,2,2,1.6351,12,40,44,12,96,84,0.875
MM,8/6/2019,8/21/2019,E,331,FullBelly,Co,CoC,4,1,1.1941,9,27,41,11,79,68,0.860759494
MM,8/6/2019,8/21/2019,E,331,FullBelly,Co,CoC,4,2,0.9169,10,14,61,14,89,75,0.842696629
MM,8/6/2019,8/21/2019,E,331,FullBelly,Co,CoC,4,3,0.9205,12,16,45,9,70,61,0.871428571
MM,8/2/2019,8/21/2019,E,331,FullBelly,Co,CoC,2,4,1.2682,10,22,67,10,99,89,0.898989899
MM,8/2/2019,8/21/2019,E,331,FullBelly,Co,CoC,2,5,1.2649,10,27,46,12,85,73,0.858823529
MM,7/31/2019,8/22/2019,E,334,FullBelly,Co,CoB,4,1,1.2797,15,36,46,6,88,82,0.931818182
MM,7/31/2019,8/22/2019,E,334,FullBelly,Co,CoB,4,2,1.1777,12,33,57,5,95,90,0.947368421
MM,7/31/2019,8/22/2019,E,334,FullBelly,Co,CoB,4,3,1.4317,9,46,35,10,91,81,0.89010989
MM,8/2/2019,8/22/2019,E,334,FullBelly,Co,CoB,3,4,1.2388,12,28,65,6,99,93,0.939393939
MM,8/9/2019,8/22/2019,E,334,FullBelly,Co,CoB,7,5,1.1172,11,33,53,7,93,86,0.924731183
MM,7/29/2019,8/22/2019,E,334,FullBelly,Co,CoA,4,1,1.9098,14,43,47,4,94,90,0.957446809
MM,7/29/2019,8/22/2019,E,334,FullBelly,Co,CoA,4,2,1.4731,13,46,50,4,100,96,0.96
MM,7/29/2019,8/22/2019,E,334,FullBelly,Co,CoA,4,3,1.4615,14,29,50,5,84,79,0.94047619
MM,8/6/2019,8/22/2019,E,334,FullBelly,Co,CoA,2,1,1.1426,12,35,61,7,103,96,0.932038835
MM,8/6/2019,8/22/2019,E,334,FullBelly,Co,CoA,2,2,1.1244,13,35,38,10,83,73,0.879518072
MM,7/24/2019,8/22/2019,E,334,FullBelly,HP,HPB,3,1,1.9512,15,31,43,10,84,74,0.880952381
MM,7/24/2019,8/22/2019,E,334,FullBelly,HP,HPB,3,2,1.4838,11,29,59,4,92,88,0.956521739
MM,7/24/2019,8/22/2019,E,334,FullBelly,HP,HPB,3,3,2.3507,13,45,40,8,93,85,0.913978495
MM,7/29/2019,8/22/2019,E,334,FullBelly,HP,HPB,4,4,1.5412,10,38,48,7,93,86,0.924731183
MM,7/29/2019,8/22/2019,E,334,FullBelly,HP,HPB,4,5,1.6881,10,32,55,9,96,87,0.90625
MM,7/31/2019,8/22/2019,E,334,FullBelly,HP,HPA,6,1,1.7571,9,41,38,5,84,79,0.94047619
MM,7/31/2019,8/22/2019,E,334,FullBelly,HP,HPA,6,2,1.2623,14,20,65,5,90,85,0.944444444
MM,7/31/2019,8/22/2019,E,334,FullBelly,HP,HPA,6,3,1.5449,10,45,52,8,105,97,0.923809524
MM,7/31/2019,8/22/2019,E,334,FullBelly,HP,HPA,6,4,1.6834,11,33,43,14,90,76,0.844444444
MM,7/31/2019,8/22/2019,E,334,FullBelly,HP,HPA,6,5,1.9784,12,40,49,17,106,89,0.839622642
MM,8/5/2019,8/22/2019,E,334,FullBelly,Co,CoC,6,1,1.2944,13,31,44,7,82,75,0.914634146
MM,8/5/2019,8/22/2019,E,334,FullBelly,Co,CoC,6,2,1.3686,17,31,44,10,85,75,0.882352941
MM,8/5/2019,8/22/2019,E,334,FullBelly,Co,CoC,6,3,1.1193,14,30,46,7,83,76,0.915662651
MM,7/24/2019,8/22/2019,E,334,FullBelly,Co,CoC,3,4,1.5954,13,36,42,10,88,78,0.886363636
MM,7/24/2019,8/22/2019,E,334,FullBelly,Co,CoC,3,5,1.4981,13,38,50,3,91,88,0.967032967
MM,7/31/2019,8/22/2019,E,334,FullBelly,HP,HPC,3,1,1.2981,11,40,40,7,87,80,0.91954023
MM,7/31/2019,8/22/2019,E,334,FullBelly,HP,HPC,3,2,1.0561,12,39,44,4,87,83,0.954022989
MM,7/31/2019,8/22/2019,E,334,FullBelly,HP,HPC,3,3,1.1348,13,41,45,7,93,86,0.924731183
MM,8/12/2019,8/22/2019,E,334,FullBelly,HP,HPC,4,1,1.0391,14,36,42,7,85,78,0.917647059
MM,8/12/2019,8/22/2019,E,334,FullBelly,HP,HPC,4,2,0.8917,14,35,19,4,58,54,0.931034483
MM,8/5/2019,8/22/2019,E,395,Adams,HP,HPC,6,1,2.0377,11,42,47,7,96,89,0.927083333
MM,8/5/2019,8/22/2019,E,395,Adams,HP,HPC,6,2,1.7992,11,27,44,11,82,71,0.865853659
MM,8/6/2019,8/22/2019,E,395,Adams,HP,HPC,1,3,2.5813,15,39,46,12,97,85,0.87628866
MM,7/31/2019,8/22/2019,E,395,Adams,HP,HPC,4,4,1.7829,12,38,39,8,85,77,0.905882353
MM,7/31/2019,8/22/2019,E,395,Adams,HP,HPC,4,5,1.5074,10,29,51,7,87,80,0.91954023
MM,7/31/2019,8/22/2019,E,395,Adams,HP,HPA,6,1,1.6055,13,16,58,13,87,74,0.850574713
MM,7/31/2019,8/22/2019,E,395,Adams,HP,HPA,6,2,1.6201,17,46,33,10,89,79,0.887640449
MM,7/31/2019,8/22/2019,E,395,Adams,HP,HPA,6,3,1.3017,14,61,22,6,89,83,0.93258427
MM,7/31/2019,8/22/2019,E,395,Adams,HP,HPA,6,4,1.5245,10,18,59,5,82,77,0.93902439
MM,7/29/2019,8/22/2019,E,395,Adams,HP,HPA,3,1,2.1547,13,58,34,12,104,92,0.884615385
MM,8/5/2019,8/23/2019,E,395,Adams,Co,CoA,3,1,1.4023,13,4,45,31,80,49,0.6125
MM,8/5/2019,8/23/2019,E,395,Adams,Co,CoA,3,2,1.6853,11,32,51,20,103,83,0.805825243
MM,8/5/2019,8/23/2019,E,395,Adams,Co,CoA,3,3,1.8272,9,41,56,12,109,97,0.889908257
MM,7/29/2019,8/23/2019,E,395,Adams,Co,CoA,1,4,1.8942,12,15,64,12,91,79,0.868131868
MM,7/31/2019,8/23/2019,E,395,Adams,Co,CoA,1,5,1.9721,11,38,44,13,95,82,0.863157895
MM,8/2/2019,8/23/2019,E,395,Adams,Co,CoB,1,1,1.6809,11,37,53,8,98,90,0.918367347
MM,7/31/2019,8/23/2019,E,395,Adams,Co,CoB,2,1,1.3629,9,19,69,10,98,88,0.897959184
MM,7/31/2019,8/23/2019,E,395,Adams,Co,CoB,2,2,1.2419,14,11,67,13,91,78,0.857142857
MM,8/6/2019,8/23/2019,E,395,Adams,Co,CoB,2,1,1.7075,12,50,28,6,84,78,0.928571429
MM,8/6/2019,8/23/2019,E,395,Adams,Co,CoB,2,2,1.7877,13,43,44,8,95,87,0.915789474
MM,7/31/2019,8/23/2019,E,395,Adams,Co,CoC,5,1,2.1049,14,13,61,14,88,74,0.840909091
MM,7/31/2019,8/23/2019,E,395,Adams,Co,CoC,5,2,1.6094,11,16,65,12,93,81,0.870967742
MM,7/31/2019,8/23/2019,E,395,Adams,Co,CoC,5,3,1.4643,16,5,67,20,92,72,0.782608696
MM,7/31/2019,8/23/2019,E,395,Adams,Co,CoC,5,4,2.3677,15,29,75,8,112,104,0.928571429
MM,7/31/2019,8/23/2019,E,395,Adams,Co,CoC,5,5,1.3939,11,19,53,14,86,72,0.837209302
MM,8/6/2019,8/23/2019,E,134,FullBelly,HP,HPA,9,1,1.1789,13,33,35,7,75,68,0.906666667
MM,8/6/2019,8/23/2019,E,134,FullBelly,HP,HPA,9,2,1.4984,14,35,49,19,103,84,0.815533981
MM,8/6/2019,8/23/2019,E,134,FullBelly,HP,HPA,9,3,1.4103,13,42,44,8,94,86,0.914893617
MM,8/6/2019,8/23/2019,E,134,FullBelly,HP,HPA,9,4,1.4588,13,41,50,11,102,91,0.892156863
MM,8/6/2019,8/23/2019,E,134,FullBelly,HP,HPA,9,5,1.1962,15,30,51,13,94,81,0.861702128
MM,7/31/2019,8/23/2019,E,323,Charlotte,HP,HPA,1,1,1.6404,14,15,60,16,91,75,0.824175824
MM,7/26/2019,8/23/2019,E,323,Charlotte,HP,HPA,2,2,2.0918,10,24,57,10,91,81,0.89010989
MM,7/26/2019,8/23/2019,E,323,Charlotte,HP,HPA,2,3,2.1937,11,37,33,7,77,70,0.909090909
MM,7/24/2019,8/23/2019,E,323,Charlotte,HP,HPA,1,4,2.5083,12,66,24,5,95,90,0.947368421
MM,7/26/2019,8/23/2019,E,338,Adams,HP,HPD,1,1,2.4311,11,30,54,13,97,84,0.865979381
MM,8/6/2019,8/23/2019,E,134,FullBelly,Co,CoA,4,1,1.1963,15,28,61,5,94,89,0.946808511
MM,8/6/2019,8/23/2019,E,134,FullBelly,Co,CoA,4,2,1.1297,15,31,49,15,95,80,0.842105263
MM,8/6/2019,8/23/2019,E,134,FullBelly,Co,CoA,4,3,1.2268,15,25,44,12,81,69,0.851851852
MM,7/31/2019,8/23/2019,E,137,Boutin,HP,HPB,2,1,1.7619,10,40,22,15,77,62,0.805194805
MM,7/31/2019,8/23/2019,E,137,Boutin,HP,HPB,2,2,1.2546,12,39,13,8,60,52,0.866666667
MM,7/30/2019,8/23/2019,E,137,Boutin,HP,HPB,1,3,2.2333,13,35,39,8,82,74,0.902439024
MM,8/12/2019,8/23/2019,E,137,Boutin,HP,HPB,1,4,1.0011,13,15,4,11,30,19,0.633333333
MM,7/30/2019,8/23/2019,E,137,Boutin,HP,HPA,3,1,2.0891,11,23,53,16,92,76,0.826086957
MM,7/30/2019,8/23/2019,E,137,Boutin,HP,HPA,3,2,1.4288,16,33,27,14,74,60,0.810810811
MM,7/30/2019,8/23/2019,E,137,Boutin,HP,HPA,3,3,1.9065,11,41,20,15,76,61,0.802631579
MM,7/24/2019,8/23/2019,E,137,Boutin,HP,HPA,2,1,2.6271,10,47,25,15,87,72,0.827586207
MM,8/5/2019,8/23/2019,E,137,Boutin,HP,HPA,2,1,1.9429,9,26,14,6,46,40,0.869565217
MM,7/26/2019,8/23/2019,E,338,Adams,Co,CoC,1,1,0.6659,6,31,42,18,91,73,0.802197802
MM,7/26/2019,8/23/2019,E,338,Adams,HP,HPC,1,1,1.5529,11,31,47,12,90,78,0.866666667
MM,7/26/2019,8/23/2019,E,338,Adams,HP,HPC,5,2,0.8524,10,31,15,12,58,46,0.793103448
MM,7/26/2019,8/23/2019,E,338,Adams,HP,HPC,5,3,1.3473,9,29,50,7,86,79,0.918604651
MM,7/26/2019,8/23/2019,E,338,Adams,HP,HPC,5,4,1.4489,9,24,50,21,95,74,0.778947368
MM,7/26/2019,8/23/2019,E,338,Adams,HP,HPC,5,5,1.7507,9,41,58,11,110,99,0.9
MM,7/26/2019,8/23/2019,E,338,Adams,HP,HPA,3,1,1.7204,12,31,56,20,107,87,0.813084112
MM,7/26/2019,8/23/2019,E,338,Adams,HP,HPA,3,2,1.4699,13,32,53,18,103,85,0.825242718
MM,7/26/2019,8/23/2019,E,338,Adams,HP,HPA,3,3,1.2991,10,19,53,16,88,72,0.818181818
MM,8/12/2019,8/23/2019,E,338,Adams,HP,HPA,1,1,1.3479,13,19,54,2,75,73,0.973333333
MM,8/2/2019,8/23/2019,E,137,Boutin,Co,CoA,3,1,1.6709,5,25,40,12,77,65,0.844155844
MM,8/2/2019,8/23/2019,E,137,Boutin,Co,CoA,3,2,1.8271,10,44,18,12,74,62,0.837837838
MM,8/2/2019,8/23/2019,E,137,Boutin,Co,CoA,3,3,1.5315,9,27,35,18,80,62,0.775
MM,7/30/2019,8/23/2019,E,137,Boutin,Co,CoA,2,4,2.4574,13,31,39,11,81,70,0.864197531
MM,7/30/2019,8/23/2019,E,137,Boutin,Co,CoA,2,5,2.2287,9,42,33,11,86,75,0.872093023
MM,7/26/2019,8/23/2019,E,137,Boutin,Co,CoB,,1,2.7043,9,46,19,12,77,65,0.844155844
MM,7/30/2019,8/23/2019,E,137,Boutin,Co,CoB,,2,2.1906,12,38,36,15,89,74,0.831460674
MM,7/30/2019,8/23/2019,E,137,Boutin,Co,CoB,,3,1.5642,9,34,25,19,78,59,0.756410256
MM,7/30/2019,8/23/2019,E,137,Boutin,Co,CoB,,4,1.8631,9,30,45,13,88,75,0.852272727
MM,7/30/2019,8/23/2019,E,137,Boutin,Co,CoB,,5,2.0102,11,36,25,14,75,61,0.813333333
MM,7/31/2019,8/23/2019,E,247,Adams,HP,HPA,1,1,1.8126,11,54,18,7,79,72,0.911392405
MM,7/26/2019,8/23/2019,E,358,Charlotte,HP,HPA,4,1,2.5167,10,73,17,14,104,90,0.865384615
MM,7/26/2019,8/23/2019,E,358,Charlotte,HP,HPA,4,2,2.2314,10,26,56,12,94,82,0.872340426
MM,7/29/2019,8/23/2019,E,358,Charlotte,HP,HPA,5,3,1.5977,9,66,30,11,107,96,0.897196262
MM,7/29/2019,8/23/2019,E,358,Charlotte,HP,HPA,5,4,1.8081,10,70,15,8,93,85,0.913978495
MM,7/29/2019,8/23/2019,E,358,Charlotte,HP,HPA,5,5,1.7836,11,15,56,17,88,71,0.806818182
MM,7/29/2019,8/23/2019,E,216,FullBelly,Co,CoA,2,1,1.4938,14,25,61,6,92,86,0.934782609
MM,7/29/2019,8/23/2019,E,216,FullBelly,Co,CoA,2,2,1.5121,14,38,39,11,88,77,0.875
MM,8/5/2019,8/23/2019,E,216,FullBelly,Co,CoA,2,1,1.2951,13,25,53,10,88,78,0.886363636
MM,8/5/2019,8/23/2019,E,216,FullBelly,Co,CoA,2,2,1.4496,14,21,64,9,94,85,0.904255319
MM,7/26/2019,8/23/2019,E,216,FullBelly,Co,CoA,2,1,1.6293,14,39,53,9,101,92,0.910891089
MM,7/29/2019,8/23/2019,E,216,FullBelly,Co,CoC,2,1,1.3325,9,33,58,9,100,91,0.91
MM,7/29/2019,8/23/2019,E,216,FullBelly,Co,CoC,2,2,1.1017,9,26,67,15,108,93,0.861111111
MM,7/24/2019,8/23/2019,E,216,FullBelly,Co,CoC,1,3,1.3189,10,26,43,8,77,69,0.896103896
MM,7/29/2019,8/23/2019,E,216,FullBelly,Co,CoB,5,1,1.3718,10,23,65,8,96,88,0.916666667
MM,7/29/2019,8/23/2019,E,216,FullBelly,Co,CoB,5,2,1.0847,10,16,72,12,100,88,0.88
MM,7/29/2019,8/23/2019,E,216,FullBelly,Co,CoB,5,3,1.2149,12,9,52,8,69,61,0.884057971
MM,7/29/2019,8/23/2019,E,216,FullBelly,Co,CoB,5,4,1.1086,10,11,55,21,87,66,0.75862069
MM,7/29/2019,8/23/2019,E,216,FullBelly,Co,CoB,5,5,1.0454,10,11,58,15,84,69,0.821428571
RS,8/2/2019,8/27/2019,E,216,FullBelly,HP,HPB,1,1,1.3135,12,21,70,3,94,91,0.968085106
RS,7/29/2019,8/27/2019,E,216,FullBelly,HP,HPB,4,1,1.2921,14,32,50,14,96,82,0.854166667
RS,7/29/2019,8/27/2019,E,216,FullBelly,HP,HPB,4,2,1.0677,11,20,70,10,100,90,0.9
RS,7/29/2019,8/27/2019,E,216,FullBelly,HP,HPB,4,3,1.0794,11,21,64,7,92,85,0.923913043
RS,7/29/2019,8/27/2019,E,216,FullBelly,HP,HPB,4,4,1.0407,10.5,17,57,15,89,74,0.831460674
RS,7/22/2019,8/27/2019,E,216,FullBelly,HP,HPA,2,1,1.4989,13,41,43,14,98,84,0.857142857
RS,7/22/2019,8/27/2019,E,216,FullBelly,HP,HPA,2,2,2.1302,9,38,54,9,101,92,0.910891089
RS,7/26/2019,8/27/2019,E,216,FullBelly,HP,HPA,1,1,1.877,17,40,37,9,86,77,0.895348837
RS,7/31/2019,8/27/2019,E,216,FullBelly,HP,HPA,1,1,1.3742,11,16,71,15,102,87,0.852941176
RS,7/29/2019,8/27/2019,E,216,FullBelly,HP,HPA,1,1,1.4905,12,30,59,7,96,89,0.927083333
MM,8/12/2019,8/29/2019,E,303,Isham,HP,HPA,2,1,1.2356,13,8,44,12,64,52,0.8125
MM,8/12/2019,8/29/2019,E,303,Isham,HP,HPA,2,2,1.2445,14,4,42,16,62,46,0.741935484
MM,8/5/2019,8/29/2019,E,303,Isham,HP,HPA,1,3,1.5899,12,11,46,13,70,57,0.814285714
MM,7/31/2019,8/29/2019,E,303,Isham,HP,HPA,1,4,1.6423,9,32,28,10,70,60,0.857142857
MM,8/2/2019,8/29/2019,E,303,Isham,Co,CoA,1,1,1.6677,10,16,65,10,91,81,0.89010989
MM,7/26/2019,8/29/2019,E,196,FullBelly,HP,HPB,1,1,0.6607,16,30,47,7,84,77,0.916666667
MM,7/31/2019,8/29/2019,E,196,FullBelly,HP,HPB,1,2,1.3217,12,19,77,9,105,96,0.914285714
MM,7/31/2019,8/29/2019,E,196,FullBelly,Co,CoA,2,1,1.3427,13,29,46,6,81,75,0.925925926
MM,7/31/2019,8/29/2019,E,196,FullBelly,Co,CoA,2,2,1.3261,15,21,53,14,88,74,0.840909091
MM,7/29/2019,8/29/2019,E,196,FullBelly,Co,CoA,3,3,1.5366,11,25,58,14,97,83,0.855670103
MM,7/29/2019,8/29/2019,E,196,FullBelly,Co,CoA,3,4,1.4003,13,12,61,13,86,73,0.848837209
MM,7/29/2019,8/29/2019,E,196,FullBelly,Co,CoA,3,5,1.1592,12,21,52,5,78,73,0.935897436
MM,7/26/2019,8/29/2019,E,196,FullBelly,HP,HPA,4,1,1.2134,11,20,63,11,94,83,0.882978723
MM,7/26/2019,8/29/2019,E,196,FullBelly,HP,HPA,4,2,1.2247,9,20,63,6,89,83,0.93258427
MM,7/26/2019,8/29/2019,E,196,FullBelly,HP,HPA,4,3,1.2593,9,30,46,6,82,76,0.926829268
MM,7/29/2019,8/29/2019,E,196,FullBelly,HP,HPA,3,4,1.2832,10,36,46,7,89,82,0.921348315
MM,7/29/2019,8/29/2019,E,196,FullBelly,HP,HPA,3,5,1.1262,8,38,52,2,92,90,0.97826087
MM,7/31/2019,8/29/2019,E,161,Boutin,HP,HPA,1,1,1.4717,9,34,18,10,62,52,0.838709677
MM,8/12/2019,8/29/2019,E,161,Boutin,Co,CoA,1,1,0.4355,14,16,16,8,40,32,0.8
MM,8/2/2019,8/29/2019,E,161,Boutin,Co,CoA,1,2,0.9448,13,16,27,12,55,43,0.781818182
MM,7/31/2019,8/29/2019,E,161,Boutin,Co,CoA,1,3,1.1515,12,25,28,10,63,53,0.841269841
MM,7/26/2019,8/29/2019,E,161,Boutin,Co,CoA,1,4,1.2414,11,18,28,14,60,46,0.766666667
MM,7/22/2019,8/29/2019,E,174,Knoll,Co,CoA,3,1,2.5184,12,22,39,6,67,61,0.910447761
MM,7/22/2019,8/29/2019,E,174,Knoll,Co,CoA,3,2,2.1383,11,24,29,7,60,53,0.883333333
MM,7/22/2019,8/29/2019,E,174,Knoll,Co,CoA,3,3,2.0915,11,39,24,7,70,63,0.9
MM,7/26/2019,8/29/2019,E,174,Knoll,Co,CoA,3,4,1.9655,6,26,49,10,85,75,0.882352941
MM,7/26/2019,8/29/2019,E,174,Knoll,Co,CoA,3,5,1.9053,10,35,25,13,73,60,0.821917808
MM,8/6/2019,8/29/2019,E,356,Knoll,Co,CoA,1,1,0.6771,12,3,46,9,58,49,0.844827586
MM,7/31/2019,8/29/2019,E,356,Knoll,Co,CoA,1,2,0.6175,10,3,48,7,58,51,0.879310345
MM,8/2/2019,8/29/2019,E,356,Knoll,Co,CoA,1,3,0.6517,9,3,32,22,57,35,0.614035088
MM,7/29/2019,8/29/2019,E,356,Knoll,Co,CoA,1,4,0.9307,11,8,43,26,77,51,0.662337662
MM,7/31/2019,8/29/2019,E,356,Knoll,HP,HPB,1,1,0.7009,10,20,43,10,73,63,0.863013699
MM,8/12/2019,8/29/2019,E,278,Isham,Co,CoA,1,1,1.1738,7,32,37,7,76,69,0.907894737
MM,7/31/2019,8/29/2019,E,278,Isham,Co,CoB,1,1,1.7741,7,32,54,7,93,86,0.924731183
MM,8/12/2019,8/29/2019,E,278,Isham,Co,CoB,3,2,1.4735,13,18,40,9,67,58,0.865671642
MM,8/12/2019,8/29/2019,E,278,Isham,Co,CoB,3,3,1.1015,10,11,51,9,71,62,0.873239437
MM,8/12/2019,8/29/2019,E,278,Isham,Co,CoB,3,4,1.3596,11,18,32,9,59,50,0.847457627
MM,8/19/2019,8/29/2019,E,278,Isham,Co,CoB,1,5,0.2723,13.5,2,25,6,33,27,0.818181818
MM,8/19/2019,8/29/2019,E,278,Isham,Co,CoC,1,1,0.2054,19,4,5,8,17,9,0.529411765
MM,8/2/2019,8/29/2019,E,278,Isham,HP,HPA,1,1,1.8938,12,26,43,9,78,69,0.884615385
MM,7/31/2019,8/29/2019,E,278,Isham,HP,HPA,2,2,1.9371,14,46,28,9,83,74,0.891566265
MM,7/31/2019,8/29/2019,E,278,Isham,HP,HPA,2,3,1.8554,15,46,26,10,82,72,0.87804878
MM,8/12/2019,8/29/2019,E,278,Isham,HP,HPA,1,4,1.4506,14,16,45,9,70,61,0.871428571
MM,8/12/2019,8/29/2019,E,278,Isham,HP,HPB,1,1,1.3804,13,18,9,8,35,27,0.771428571
MM,8/5/2019,8/29/2019,E,278,Isham,HP,HPB,2,2,1.4822,11,19,43,12,74,62,0.837837838
MM,8/5/2019,8/29/2019,E,278,Isham,HP,HPB,2,3,1.2412,10,20,36,6,62,56,0.903225806
MM,7/31/2019,8/29/2019,E,278,Isham,HP,HPC,1,1,1.5081,7,45,23,10,78,68,0.871794872
MM,8/5/2019,8/29/2019,E,278,Isham,HP,HPC,2,2,1.1026,14,31,38,6,75,69,0.92
MM,8/5/2019,8/29/2019,E,278,Isham,HP,HPC,2,3,1.2961,18,24,41,12,77,65,0.844155844
MM,7/31/2019,8/29/2019,E,174,Knoll,HP,HPB,1,1,1.3776,13,9,68,7,84,77,0.916666667
MM,8/2/2019,8/29/2019,E,174,Knoll,Co,CoB,2,1,1.6985,13,9,75,7,91,84,0.923076923
MM,8/2/2019,8/29/2019,E,174,Knoll,Co,CoB,2,2,1.4111,9,15,64,5,84,79,0.94047619
MM,7/29/2019,8/29/2019,E,174,Knoll,Co,CoA,1,1,1.4949,16,1,17,30,48,18,0.375
EEO,8/19/2019,8/29/2019,E,257,Knoll,HP,HPB,1,1,0.1788,11,2,1,10,13,3,0.230769231
EEO,8/19/2019,8/29/2019,E,257,Knoll,Co,CoB,1,1,0.182,11,0,0,1,1,0,0
EEO,8/12/2019,8/29/2019,E,257,Knoll,HP,HPB,1,1,0.5825,11,0,0,9,9,0,0
EEO,8/12/2019,8/29/2019,E,257,Knoll,Co,CoB,1,1,0.7581,14,0,0,19,19,0,0
EEO,31-Jul,8/29/2019,E,193,Charlotte,Co,CoA,2,1,1.1329,12,23,38,12,73,61,0.835616438
EEO,31-Jul,8/29/2019,E,193,Charlotte,Co,CoA,2,2,0.6733,10,0,59,2,61,59,0.967213115
EEO,7/29/2019,8/29/2019,E,193,Charlotte,Co,CoA,4,1,1.5416,11,49,28,8,85,77,0.905882353
EEO,7/29/2019,8/29/2019,E,193,Charlotte,Co,CoA,4,2,1.1062,10,13,43,4,60,56,0.933333333
EEO,7/29/2019,8/29/2019,E,193,Charlotte,Co,CoA,4,3,0.4566,12,0,47,5,52,47,0.903846154
EEO,7/29/2019,8/29/2019,E,193,Charlotte,Co,CoA,4,4,1.4042,11,27,29,11,67,56,0.835820896
EEO,7/29/2019,8/29/2019,E,193,Charlotte,HP,HPA,4,1,2.3344,14,78,5,7,90,83,0.922222222
EEO,7/29/2019,8/29/2019,E,193,Charlotte,HP,HPA,4,2,1.9269,12,77,4,7,88,81,0.920454545
EEO,7/29/2019,8/29/2019,E,193,Charlotte,HP,HPA,4,3,1.9437,10,33,8,4,45,41,0.911111111
EEO,7/29/2019,8/29/2019,E,193,Charlotte,HP,HPA,4,4,2.5109,11,80,4,6,90,84,0.933333333
MM,8/2/2019,9/4/2019,E,193,Charlotte,HP,HPA,1,5,1.1147,10,9,59,11,79,68,0.860759494
MM,7/24/2019,9/4/2019,E,346,Isham,HP,HPA,1,1,2.1774,7,44,34,7,85,78,0.917647059
MM,7/26/2019,9/4/2019,E,346,Isham,HP,HPA,1,2,2.4672,11,42,41,12,95,83,0.873684211
MM,8/6/2019,9/4/2019,E,346,Isham,HP,HPA,2,3,1.3331,11,10,61,13,84,71,0.845238095
MM,6-Aug,9/4/2019,E,346,Isham,HP,HPA,2,4,1.7488,12,31,33,5,69,64,0.927536232
MM,7/31/2019,9/4/2019,E,346,Isham,HP,HPA,1,5,2.0298,9,43,35,12,90,78,0.866666667
MM,8/19/2019,9/4/2019,E,346,Isham,Co,CoA,1,1,0.9716,13,13,39,13,65,52,0.8
MM,8/21/2019,9/4/2019,E,346,Isham,Co,CoA,1,1,1.4866,13,8,49,17,74,57,0.77027027
MM,8/5/2019,9/4/2019,E,346,Isham,Co,CoB,1,1,2.0762,11,35,49,13,97,84,0.865979381
MM,7/26/2019,9/4/2019,E,347,FullBelly,HP,HPA,3,1,1.8027,9,36,37,4,77,73,0.948051948
MM,7/26/2019,9/4/2019,E,347,FullBelly,HP,HPA,3,2,1.5978,12,31,44,3,78,75,0.961538462
MM,7/26/2019,9/4/2019,E,347,FullBelly,HP,HPA,3,3,1.4771,13,36,43,4,83,79,0.951807229
MM,8/6/2019,9/4/2019,E,347,FullBelly,HP,HPA,3,4,1.4591,12,30,42,14,86,72,0.837209302
MM,8/6/2019,9/4/2019,E,347,FullBelly,HP,HPA,3,5,2.1466,15,29,44,4,77,73,0.948051948
MM,8/5/2019,9/4/2019,E,347,FullBelly,Co,CoA,1,1,1.6703,10,28,49,12,89,77,0.865168539
MM,7/31/2019,9/4/2019,E,208,Adams,Co,CoA,4,1,1.2764,11,23,52,7,82,75,0.914634146
MM,7/31/2019,9/4/2019,E,208,Adams,Co,CoA,4,2,1.6473,10,42,32,13,87,74,0.850574713
MM,7/29/2019,9/4/2019,E,208,Adams,Co,CoA,5,3,1.9346,11,32,42,6,80,74,0.925
MM,7/29/2019,9/4/2019,E,208,Adams,Co,CoA,5,4,1.5538,11,9,69,13,91,78,0.857142857
MM,7/29/2019,9/4/2019,E,208,Adams,Co,CoA,5,5,1.8288,9,15,64,11,90,79,0.877777778
MM,7/24/2019,9/4/2019,E,214,Charlotte,HP,HPA,1,1,1.5575,11,59,29,5,93,88,0.946236559
MM,7/22/2019,9/4/2019,E,214,Charlotte,HP,HPA,1,2,1.4423,14,54,33,15,102,87,0.852941176
MM,8/6/2019,9/4/2019,E,214,Charlotte,HP,HPA,2,3,0.6445,14,9,51,7,67,60,0.895522388
MM,8/2/2019,9/4/2019,E,214,Charlotte,HP,HPA,1,4,0.7301,10,48,12,5,65,60,0.923076923
MM,7/26/2019,9/4/2019,E,214,Charlotte,HP,HPA,1,5,1.2339,11,26,55,14,95,81,0.852631579
MM,7/22/2019,9/4/2019,E,260,FullBelly,Co,CoA,3,1,1.9259,9,45,23,7,75,68,0.906666667
MM,7/22/2019,9/4/2019,E,260,FullBelly,Co,CoA,3,2,1.6766,7,28,42,6,76,70,0.921052632
MM,7/22/2019,9/4/2019,E,260,FullBelly,Co,CoA,3,3,1.7106,9,33,39,11,83,72,0.86746988
MM,7/22/2019,9/4/2019,E,260,FullBelly,HP,HPA,2,1,1.9114,11,23,57,6,86,80,0.930232558
MM,7/22/2019,9/4/2019,E,260,FullBelly,HP,HPA,2,2,1.8931,11,35,40,9,84,75,0.892857143
MM,7/29/2019,9/4/2019,E,260,FullBelly,HP,HPA,2,3,1.4894,11,36,27,8,71,63,0.887323944
MM,8/6/2019,9/4/2019,E,260,FullBelly,HP,HPA,1,4,1.4861,16,20,43,4,67,63,0.940298507
MM,7/18/2019,9/4/2019,E,260,FullBelly,HP,HPA,2,5,1.5071,10,25,58,7,90,83,0.922222222
EW,7/18/2019,9/5/2019,E,215,Adams,Co,CoA,1,1,0.645,17,23,10,15,48,33,0.6875
EW,7/18/2019,9/5/2019,E,215,Adams,HP,HPA,4,1,0.773,12,33,17,13,63,50,0.793650794
EW,7/18/2019,9/5/2019,E,215,Adams,HP,HPA,4,2,0.425,7,4,16,25,45,20,0.444444444
EW,7/18/2019,9/5/2019,E,215,Adams,HP,HPA,4,4,0.576,13,0,6,3,9,6,0.666666667
EW,8/19/2019,9/5/2019,E,215,Adams,Co,CoD,2,1,0.247,15,0,0,0,0,0,0
EW,8/19/2019,9/5/2019,E,215,Adams,Co,CoD,2,2,0.229,11,0,1,1,2,1,0.5
EW,8/19/2019,9/5/2019,E,215,Adams,HP,HPA,1,1,0.215,17,0,0,0,0,0,0
EW,8/14/2019,9/5/2019,E,215,Adams,Co,CoC,1,1,0.307,18,0,0,0,0,0,0
EW,8/9/2019,9/5/2019,E,215,Adams,Co,CoD,4,1,1.28,13,38,53,11,102,91,0.892156863
EW,8/9/2019,9/5/2019,E,215,Adams,Co,CoD,4,2,1.3,12,12,73,8,93,85,0.913978495
EW,8/9/2019,9/5/2019,E,215,Adams,Co,CoD,4,3,1.22,12,16,66,16,98,82,0.836734694
EW,8/9/2019,9/5/2019,E,215,Adams,Co,CoD,4,4,1.18,11,19,63,5,87,82,0.942528736
EW,7/30/2019,9/5/2019,E,215,Adams,HP,HPA,2,1,0.908,14,16,58,8,82,74,0.902439024
EW,7/30/2019,9/5/2019,E,215,Adams,HP,HPA,2,2,1.329,14,29,47,2,78,76,0.974358974
EW,7/30/2019,9/5/2019,E,215,Adams,Co,CoC,1,1,1.149,14,40,42,5,87,82,0.942528736
EW,8/5/2019,9/5/2019,E,215,Adams,Co,CoC,2,1,0.442,10,0,0,0,0,0,0
EW,8/5/2019,9/5/2019,E,215,Adams,Co,CoC,2,2,1.129,12,13,64,12,89,77,0.865168539
EW,7/26/2019,9/10/2019,A,64,Charlotte,Co,CoA,1,1,1.6931,10,17,41,19,77,58,0.753246753
EW,7/22/2019,9/10/2019,A,64,Charlotte,Co,CoA,2,1,2.1238,11,21,49,5,75,70,0.933333333
EW,7/22/2019,9/10/2019,A,64,Charlotte,Co,CoA,2,2,2.1499,16,18,52,7,77,70,0.909090909
EW,7/19/2019,9/10/2019,A,64,Charlotte,Co,CoA,1,1,1.5969,10,13,56,7,76,69,0.907894737
EW,8/9/2019,9/10/2019,A,64,Charlotte,Co,CoA,1,1,0.5237,10,0,2,9,11,2,0.181818182
EW,7/29/2019,9/10/2019,A,64,Charlotte,Co,CoB,1,1,1.251,12,15,49,13,77,64,0.831168831
EW,7/31/2019,9/10/2019,A,64,Charlotte,Co,CoB,1,1,1.369,12,34,40,9,83,74,0.891566265
EW,7/24/2019,9/10/2019,A,64,Charlotte,Co,CoB,1,1,2.221,10,29,45,8,82,74,0.902439024
EW,7/22/2019,9/10/2019,A,64,Charlotte,Co,CoB,1,1,1.362,11,9,49,1,59,58,0.983050847
EW,8/5/2019,9/10/2019,A,64,Charlotte,Co,CoB,3,1,1.189,11,7,44,23,74,51,0.689189189
EW,8/9/2019,9/10/2019,A,73,Charlotte,Co,CoA,1,1,1.385,14,21,63,4,88,84,0.954545455
EW,8/6/2019,9/10/2019,A,73,Charlotte,Co,CoA,1,1,1.231,13,10,48,38,96,58,0.604166667
EW,8/9/2019,9/10/2019,A,73,Charlotte,HP,HPB,1,1,1.611,11,15,57,13,85,72,0.847058824
EW,7/24/2019,9/10/2019,A,73,Charlotte,HP,HPB,1,1,1.821,11,52,19,1,72,71,0.986111111
EW,8/5/2019,9/10/2019,A,73,Charlotte,HP,HPB,1,1,1.334,13,28,68,12,108,96,0.888888889
EW,8/6/2019,9/10/2019,A,73,Charlotte,HP,HPB,2,1,1.321,12,21,68,17,106,89,0.839622642
EW,8/6/2019,9/10/2019,A,73,Charlotte,HP,HPB,2,2,1.323,11,22,70,7,99,92,0.929292929
EW,7/31/2019,9/10/2019,A,60,Charlotte,HP,HPA,4,1,1.7723,13,66,10,8,84,76,0.904761905
EW,7/31/2019,9/10/2019,A,60,Charlotte,HP,HPA,4,2,1.7793,14,32,45,6,83,77,0.927710843
EW,7/31/2019,9/10/2019,A,60,Charlotte,HP,HPA,4,3,1.5308,12,29,49,8,86,78,0.906976744
EW,7/31/2019,9/10/2019,A,60,Charlotte,HP,HPA,4,4,1.9304,13,51,32,6,89,83,0.93258427
EW,8/2/2019,9/10/2019,A,60,Charlotte,HP,HPA,2,1,1.773,13,41,27,3,71,68,0.957746479
MM,7/31/2019,9/11/2019,A,146,FullBelly,Co,CoA,1,1,1.5176,11,19,62,3,84,81,0.964285714
MM,7/26/2019,9/11/2019,A,146,FullBelly,Co,CoA,2,2,2.2386,10,39,52,1,92,91,0.989130435
MM,7/26/2019,9/11/2019,A,146,FullBelly,Co,CoA,2,3,2.3672,11,32,63,4,99,95,0.95959596
MM,7/29/2019,9/11/2019,A,146,FullBelly,Co,CoA,1,4,2.0465,11,16,72,8,96,88,0.916666667
MM,8/12/2019,9/11/2019,A,146,FullBelly,Co,CoA,1,5,0.8245,13,5,70,5,80,75,0.9375
MM,7/31/2019,9/11/2019,A,146,FullBelly,HP,HPB,1,1,1.6249,10,24,60,7,91,84,0.923076923
MM,7/29/2019,9/11/2019,A,146,FullBelly,HP,HPB,3,2,1.7042,10,34,50,5,89,84,0.943820225
MM,7/29/2019,9/11/2019,A,146,FullBelly,HP,HPB,3,3,1.9175,9,47,45,5,97,92,0.948453608
MM,7/29/2019,9/11/2019,A,146,FullBelly,HP,HPB,3,4,1.6488,9.5,39,44,3,86,83,0.965116279
MM,7/29/2019,9/11/2019,A,146,FullBelly,HP,HPA,5,1,2.0071,10,44,46,5,95,90,0.947368421
MM,7/29/2019,9/11/2019,A,146,FullBelly,HP,HPA,5,2,1.8856,10,34,48,4,86,82,0.953488372
MM,7/26/2019,9/11/2019,A,146,FullBelly,HP,HPA,3,3,1.6917,10,37,52,4,93,89,0.956989247
MM,7/22/2019,9/11/2019,A,146,FullBelly,HP,HPA,4,4,1.9168,13,31,59,6,96,90,0.9375
MM,7/22/2019,9/11/2019,A,146,FullBelly,HP,HPA,4,5,1.7047,12,26,66,11,103,92,0.893203883
MM,7/18/2019,9/11/2019,A,64,Charlotte,HP,HPB,2,1,2.4744,7,45,53,4,102,98,0.960784314
MM,7/18/2019,9/11/2019,A,64,Charlotte,HP,HPB,2,2,2.4684,11,47,41,2,90,88,0.977777778
MM,8/9/2019,9/11/2019,A,228,Adams,Co,CoA,2,1,1.3489,11,14,47,3,64,61,0.953125
MM,8/5/2019,9/11/2019,A,228,Adams,Co,CoA,2,2,1.3449,11,22,54,10,86,76,0.88372093
MM,8/5/2019,9/11/2019,A,228,Adams,Co,CoA,2,3,2.0918,12,40,39,11,90,79,0.877777778
MM,8/2/2019,9/11/2019,A,228,Adams,Co,CoA,1,4,1.0928,10,25,51,8,84,76,0.904761905
MM,7/31/2019,9/11/2019,A,228,Adams,Co,CoA,1,5,1.4098,11,28,50,4,82,78,0.951219512
MM,7/18/2019,9/11/2019,A,64,Charlotte,Co,CoA,1,1,2.1272,15,12,64,7,83,76,0.915662651
MM,7/15/2019,9/11/2019,A,64,Charlotte,Co,CoA,1,2,1.8934,12,12,43,7,62,55,0.887096774
MM,7/18/2019,9/11/2019,A,64,Charlotte,HP,HPA,2,1,1.6875,10,27,59,2,88,86,0.977272727
MM,7/18/2019,9/11/2019,A,64,Charlotte,HP,HPA,2,2,2.1754,10,35,45,6,86,80,0.930232558
MM,7/31/2019,9/11/2019,A,231,Isham,Co,CoA,1,1,1.1646,7,11,62,16,89,73,0.820224719
MM,7/29/2019,9/11/2019,A,231,Isham,Co,CoA,2,2,2.0438,9,30,41,8,79,71,0.898734177
MM,7/29/2019,9/11/2019,A,231,Isham,Co,CoA,2,3,1.6092,10,20,39,11,70,59,0.842857143
MM,8/2/2019,9/11/2019,A,228,Adams,HP,HPA,3,1,1.7041,7,42,47,10,99,89,0.898989899
MM,8/2/2019,9/11/2019,A,228,Adams,HP,HPA,3,2,1.7217,11,44,48,5,97,92,0.948453608
MM,8/2/2019,9/11/2019,A,228,Adams,HP,HPA,3,3,1.6641,9,23,66,8,97,89,0.917525773
MM,8/14/2019,9/11/2019,A,228,Adams,HP,HPA,1,4,1.0394,4,13,64,9,86,77,0.895348837
MM,7/31/2019,9/11/2019,A,228,Adams,HP,HPA,1,5,1.7562,11,49,39,3,91,88,0.967032967
MM,8/5/2019,9/11/2019,A,118,Adams,HP,HPA,4,1,1.0581,8,36,55,11,102,91,0.892156863
MM,8/5/2019,9/11/2019,A,118,Adams,HP,HPA,4,2,0.7574,6,34,39,11,84,73,0.869047619
MM,8/5/2019,9/11/2019,A,118,Adams,HP,HPA,4,3,0.8888,10,30,46,7,83,76,0.915662651
MM,8/5/2019,9/11/2019,A,118,Adams,HP,HPA,4,4,1.0193,11,40,47,9,96,87,0.90625
MM,8/6/2019,9/11/2019,A,118,Adams,Co,CoA,1,1,0.9123,9,22,46,10,78,68,0.871794872
MM,7/22/2019,9/11/2019,A,44,FullBelly,HP,HPA,3,1,2.3316,9,40,43,13,96,83,0.864583333
MM,7/22/2019,9/11/2019,A,44,FullBelly,HP,HPA,3,2,1.9013,12,43,45,15,103,88,0.854368932
MM,7/22/2019,9/11/2019,A,44,FullBelly,HP,HPA,3,3,2.2125,10,59,27,22,108,86,0.796296296
MM,7/22/2019,9/11/2019,A,44,FullBelly,HP,HPB,1,1,2.0133,10,40,49,13,102,89,0.87254902
MM,7/19/2019,9/11/2019,A,44,FullBelly,HP,HPB,1,2,1.8264,7,51,32,14,97,83,0.855670103
MM,7/18/2019,9/11/2019,A,44,FullBelly,HP,HPB,2,3,1.8544,6,41,40,24,105,81,0.771428571
MM,7/18/2019,9/11/2019,A,44,FullBelly,HP,HPB,2,4,1.7416,8,44,27,10,81,71,0.87654321
MM,7/18/2019,9/11/2019,A,44,FullBelly,Co,CoB,1,1,2.1236,12,51,31,20,102,82,0.803921569
MM,7/22/2019,9/11/2019,A,44,FullBelly,Co,CoC,3,1,1.9122,7,29,56,14,99,85,0.858585859
MM,7/22/2019,9/11/2019,A,44,FullBelly,Co,CoC,3,2,2.0701,9,54,31,15,100,85,0.85
MM,7/22/2019,9/11/2019,A,44,FullBelly,Co,CoC,3,3,2.0463,9,52,41,18,111,93,0.837837838
MM,7/22/2019,9/11/2019,A,44,FullBelly,HP,HPC,2,1,2.1522,9,47,46,18,111,93,0.837837838
MM,7/22/2019,9/11/2019,A,44,FullBelly,HP,HPC,2,2,1.8409,10,34,44,14,92,78,0.847826087
MM,7/19/2019,9/11/2019,A,44,FullBelly,HP,HPC,1,3,1.7726,9,43,52,11,106,95,0.896226415
MM,7/26/2019,9/11/2019,A,44,FullBelly,HP,HPC,1,4,1.7802,10,35,42,7,84,77,0.916666667
EW,8/16/2019,9/12/2019,A,142,Isham,HP,HPA,2,1,0.849,11,54,20,8,82,74,0.902439024
EW,8/16/2019,9/12/2019,A,142,Isham,HP,HPA,2,2,1.431,12,46,46,1,93,92,0.989247312
EW,8/6/2019,9/12/2019,A,142,Isham,Co,CoC,1,1,1.406,11,65,34,6,105,99,0.942857143
EW,8/9/2019,9/12/2019,A,142,Isham,HP,HPA,4,1,0.87,10,34,56,9,99,90,0.909090909
EW,8/9/2019,9/12/2019,A,142,Isham,HP,HPA,4,2,0.992,9,15,64,8,87,79,0.908045977
EW,8/9/2019,9/12/2019,A,142,Isham,HP,HPA,4,3,1.011,10,20,63,9,92,83,0.902173913
EW,8/9/2019,9/12/2019,A,142,Isham,HP,HPA,4,4,1.104,10,39,65,5,109,104,0.95412844
EW,8/5/2019,9/12/2019,A,142,Isham,HP,HPA,4,1,1.213,7,42,64,5,111,106,0.954954955
EW,8/5/2019,9/12/2019,A,142,Isham,HP,HPA,4,2,1.039,9,29,65,5,99,94,0.949494949
EW,8/5/2019,9/12/2019,A,142,Isham,HP,HPA,4,3,1.071,10,28,62,6,96,90,0.9375
EW,8/5/2019,9/12/2019,A,142,Isham,HP,HPA,4,4,0.885,9,22,59,8,89,81,0.91011236
EW,8/16/2019,9/12/2019,A,149,FullBelly,Co,CoA,4,1,0.925,11,20,36,8,64,56,0.875
EW,8/16/2019,9/12/2019,A,149,FullBelly,Co,CoA,4,2,0.734,11,13,32,9,54,45,0.833333333
EW,8/16/2019,9/12/2019,A,149,FullBelly,Co,CoA,4,3,0.901,11,15,35,9,59,50,0.847457627
EW,8/16/2019,9/12/2019,A,149,FullBelly,Co,CoA,4,4,0.689,10,11,22,30,63,33,0.523809524
EW,8/19/2019,9/12/2019,A,149,FullBelly,Co,CoA,2,1,0.743,13,7,17,29,53,24,0.452830189
EW,8/19/2019,9/12/2019,A,149,FullBelly,Co,CoA,2,2,0.977,11,18,20,19,57,38,0.666666667
EW,8/2/2019,9/12/2019,A,351,Charlotte,Co,CoA,1,1,1.509,6,36,51,8,95,87,0.915789474
EW,7/24/2019,9/12/2019,A,351,Charlotte,HP,HPA,1,1,1.027,11,24,40,1,65,64,0.984615385
EW,8/16/2019,9/12/2019,A,299,FullBelly,Co,CoB,1,1,0.754,13,13,32,11,56,45,0.803571429
EW,7/29/2019,9/12/2019,A,169,Charlotte,Co,CoA,1,1,1.145,7,3,15,41,59,18,0.305084746
EW,7/18/2019,9/12/2019,A,299,FullBelly,HP,HPA,1,1,1.909,10,45,25,2,72,70,0.972222222
EW,7/18/2019,9/12/2019,A,299,FullBelly,Co,CoC,4,1,2.321,9,39,36,8,83,75,0.903614458
EW,7/18/2019,9/12/2019,A,299,FullBelly,Co,CoC,4,2,2.155,9,29,33,4,66,62,0.939393939
EW,7/18/2019,9/12/2019,A,299,FullBelly,Co,CoC,4,3,1.708,7,32,33,7,72,65,0.902777778
MM,7/22/2019,9/18/2019,E,128,Isham,HP,HPA,5,1,2.0291,9,37,58,9,104,95,0.913461538
MM,7/22/2019,9/18/2019,E,128,Isham,HP,HPA,5,2,2.2914,9,37,58,3,98,95,0.969387755
MM,7/29/2019,9/18/2019,E,128,Isham,HP,HPA,3,3,1.9865,8,31,78,5,114,109,0.956140351
MM,7/29/2019,9/18/2019,E,128,Isham,HP,HPA,6,4,1.9296,10,45,35,15,95,80,0.842105263
MM,7/29/2019,9/18/2019,E,128,Isham,HP,HPA,6,5,1.6243,7,31,35,13,79,66,0.835443038
MM,7/29/2019,9/18/2019,E,128,Isham,HP,HPB,2,1,1.6445,9,37,51,4,92,88,0.956521739
MM,7/29/2019,9/18/2019,E,128,Isham,HP,HPB,2,2,1.7125,11,45,49,3,97,94,0.969072165
MM,8/5/2019,9/18/2019,E,128,Isham,HP,HPB,1,3,1.8019,12,45,47,2,94,92,0.978723404
MM,8/2/2019,9/18/2019,E,128,Isham,HP,HPB,1,4,1.4739,11,19,68,4,91,87,0.956043956
MM,7/29/2019,9/18/2019,E,128,Isham,Co,CoA,3,1,1.8439,11,30,54,4,88,84,0.954545455
MM,7/29/2019,9/18/2019,E,128,Isham,Co,CoA,3,2,1.9876,15,47,41,5,93,88,0.946236559
MM,7/29/2019,9/18/2019,E,128,Isham,Co,CoA,3,3,1.9017,12,33,39,10,82,72,0.87804878
MM,8/5/2019,9/18/2019,E,128,Isham,Co,CoA,6,4,1.5489,11,40,51,8,99,91,0.919191919
MM,8/5/2019,9/18/2019,E,128,Isham,Co,CoA,6,5,1.3642,10,30,41,6,77,71,0.922077922
MM,7/22/2019,9/18/2019,E,128,Isham,Co,CoB,3,1,1.7371,8,31,48,2,81,79,0.975308642
MM,7/22/2019,9/18/2019,E,128,Isham,Co,CoB,3,2,1.6719,7,49,24,6,79,73,0.924050633
MM,7/22/2019,9/18/2019,E,128,Isham,Co,CoB,3,3,1.8273,8,51,24,4,79,75,0.949367089
MM,8/6/2019,9/18/2019,E,128,Isham,Co,CoB,2,4,1.1509,12,17,59,6,82,76,0.926829268
MM,8/6/2019,9/18/2019,E,128,Isham,Co,CoB,2,5,1.4563,10,34,36,0,70,70,1
MM,8/14/2019,9/18/2019,E,201,Isham,Co,CoA,1,1,1.2672,12,18,51,13,82,69,0.841463415
MM,8/2/2019,9/18/2019,E,201,Isham,Co,CoA,3,2,1.7359,8,27,36,10,73,63,0.863013699
MM,8/2/2019,9/18/2019,E,201,Isham,Co,CoA,3,3,1.5819,10,19,54,3,76,73,0.960526316
MM,8/2/2019,9/18/2019,E,201,Isham,Co,CoA,3,4,1.6263,9,23,38,6,67,61,0.910447761
MM,8/5/2019,9/18/2019,E,201,Isham,Co,CoA,2,5,1.5843,10,24,35,13,72,59,0.819444444
MM,8/14/2019,9/18/2019,E,201,Isham,HP,HPD,1,1,0.9784,13,14,36,9,59,50,0.847457627
MM,8/12/2019,9/18/2019,E,201,Isham,Co,CoB,3,1,1.2025,11,18,70,9,97,88,0.907216495
MM,8/12/2019,9/18/2019,E,201,Isham,Co,CoB,3,2,1.4151,11,25,34,8,67,59,0.880597015
MM,8/12/2019,9/18/2019,E,201,Isham,Co,CoB,3,3,1.2085,13,17,57,4,78,74,0.948717949
MM,7/29/2019,9/18/2019,E,201,Isham,Co,CoB,1,4,1.5587,10,35,46,3,84,81,0.964285714
MM,7/26/2019,9/18/2019,E,201,Isham,Co,CoB,1,5,1.6318,10,30,62,2,94,92,0.978723404
MM,8/5/2019,9/18/2019,E,201,Isham,Co,CoD,1,1,1.2104,11,8,63,11,82,71,0.865853659
MM,8/9/2019,9/18/2019,E,201,Isham,Co,CoC,1,1,1.0815,12,22,32,10,64,54,0.84375
MM,7/21/2019,9/18/2019,E,201,Isham,Co,CoC,1,2,0.9324,9,4,57,14,75,61,0.813333333
MM,8/5/2019,9/18/2019,E,201,Isham,Co,CoC,2,3,1.3649,12,19,46,11,76,65,0.855263158
MM,8/5/2019,9/18/2019,E,201,Isham,Co,CoC,2,4,0.4692,6,10,19,5,34,29,0.852941176
MM,8/12/2019,9/18/2019,E,201,Isham,HP,HPC,5,1,0.7811,10,22,47,2,71,69,0.971830986
MM,8/12/2019,9/18/2019,E,201,Isham,HP,HPC,5,2,0.9522,9,29,34,5,68,63,0.926470588
MM,8/12/2019,9/18/2019,E,201,Isham,HP,HPC,5,3,0.8151,12,30,31,9,70,61,0.871428571
MM,8/12/2019,9/18/2019,E,201,Isham,HP,HPC,5,4,0.7975,11,24,39,10,73,63,0.863013699
MM,8/12/2019,9/18/2019,E,201,Isham,HP,HPC,5,5,0.6547,11,9,46,8,63,55,0.873015873
EW,8/5/2019,9/19/2019,A,44,FullBelly,Co,CoA,2,1,1.303,13,31,24,3,58,55,0.948275862
EW,8/5/2019,9/19/2019,A,44,FullBelly,Co,CoA,2,2,1.324,12,40,39,17,96,79,0.822916667
EW,7/22/2019,9/19/2019,A,44,FullBelly,Co,CoA,2,1,1.02,10,23,19,9,51,42,0.823529412
EW,7/22/2019,9/19/2019,A,44,FullBelly,Co,CoA,2,1,2.063,11,39,22,9,70,61,0.871428571
EW,7/19/2019,9/19/2019,A,44,FullBelly,Co,CoA,1,1,1.854,11,35,39,6,80,74,0.925
EW,8/9/2019,9/19/2019,E,328,Adams,HP,HPA,2,1,1.691,12,42,23,7,72,65,0.902777778
EW,8/9/2019,9/19/2019,E,328,Adams,HP,HPA,2,2,1.58,11,30,16,6,52,46,0.884615385
EW,8/5/2019,9/19/2019,E,328,Adams,HP,HPA,1,1,1.55,12,33,10,5,48,43,0.895833333
EW,8/6/2019,9/19/2019,E,328,Adams,Co,CoA,1,1,1.247,11,32,19,4,55,51,0.927272727
EW,8/5/2019,9/19/2019,E,328,Adams,Co,CoA,1,1,1.86,14,31,20,9,60,51,0.85
MM,7/26/2019,9/24/2019,E,201,Isham,HP,HPA,3,1,2.4607,12,54,31,11,96,85,0.885416667
MM,7/26/2019,9/24/2019,E,201,Isham,HP,HPA,3,2,2.5197,12,52,33,11,96,85,0.885416667
MM,7/31/2019,9/24/2019,E,201,Isham,HP,HPA,3,3,1.7783,10,43,34,7,84,77,0.916666667
MM,7/31/2019,9/24/2019,E,201,Isham,HP,HPA,3,4,1.7511,10,32,51,10,93,83,0.892473118
MM,8/9/2019,9/24/2019,E,201,Isham,HP,HPA,4,5,1.6986,15,32,33,13,78,65,0.833333333
MM,8/9/2019,9/24/2019,E,201,Isham,HP,HPB,3,1,1.3313,9,22,50,7,79,72,0.911392405
MM,8/9/2019,9/24/2019,E,201,Isham,HP,HPB,3,2,1.4959,11,40,43,5,88,83,0.943181818
MM,8/9/2019,9/24/2019,E,201,Isham,HP,HPB,3,3,1.2431,10,42,39,3,84,81,0.964285714
MM,8/16/2019,9/24/2019,E,201,Isham,HP,HPB,1,4,1.4204,7,51,48,11,110,99,0.9
MM,8/14/2019,9/24/2019,E,201,Isham,HP,HPB,2,5,0.9138,10,31,39,8,78,70,0.897435897
MM,8/2/2019,9/24/2019,E,195,Boutin,HP,HPA,3,1,1.1037,12,33,33,10,76,66,0.868421053
MM,8/2/2019,9/24/2019,E,195,Boutin,HP,HPA,3,2,1.3366,13,21,57,11,89,78,0.876404494
MM,8/2/2019,9/24/2019,E,195,Boutin,HP,HPA,3,3,1.2855,10,48,16,7,71,64,0.901408451
MM,8/9/2019,9/24/2019,E,195,Boutin,HP,HPB,7,1,0.8012,5,45,50,3,98,95,0.969387755
MM,8/9/2019,9/24/2019,E,195,Boutin,HP,HPB,7,2,0.7548,10,14,63,7,84,77,0.916666667
MM,8/9/2019,9/24/2019,E,195,Boutin,HP,HPB,7,3,0.9351,9,34,61,5,100,95,0.95
MM,8/19/2019,9/24/2019,E,195,Boutin,HP,HPB,2,4,0.6727,14,27,55,7,89,82,0.921348315
MM,8/19/2019,9/24/2019,E,195,Boutin,HP,HPB,2,5,0.5607,12,34,45,3,82,79,0.963414634
MM,8/19/2019,9/24/2019,E,195,Boutin,Co,CoA,20,1,0.7521,13,44,52,4,100,96,0.96
MM,8/19/2019,9/24/2019,E,195,Boutin,Co,CoA,20,2,0.7447,11,33,41,3,77,74,0.961038961
MM,8/19/2019,9/24/2019,E,195,Boutin,Co,CoA,20,3,0.6611,11,17,59,9,85,76,0.894117647
MM,8/5/2019,9/24/2019,E,195,Boutin,Co,CoA,10,4,1.0965,9,49,35,5,89,84,0.943820225
MM,8/5/2019,9/24/2019,E,195,Boutin,Co,CoA,10,5,1.1462,12,37,50,13,100,87,0.87
MM,8/14/2019,9/24/2019,E,195,Boutin,Co,CoB,2,1,1.0476,15,56,16,9,81,72,0.888888889
MM,8/14/2019,9/24/2019,E,195,Boutin,Co,CoB,2,2,0.7491,7,25,46,9,80,71,0.8875
MM,8/9/2019,9/24/2019,E,195,Boutin,Co,CoB,3,3,0.9298,11,31,44,8,83,75,0.903614458
MM,8/9/2019,9/24/2019,E,195,Boutin,Co,CoB,3,4,1.1588,12,41,33,7,81,74,0.913580247
MM,8/12/2019,9/24/2019,E,195,Boutin,Co,CoB,3,5,1.0376,12,27,43,7,77,70,0.909090909
MM,7/29/2019,9/24/2019,E,289,Knoll,Co,CoA,8,1,1.5688,14,38,55,11,104,93,0.894230769
MM,7/29/2019,9/24/2019,E,289,Knoll,Co,CoA,8,2,1.4357,15,20,54,11,85,74,0.870588235
MM,7/29/2019,9/24/2019,E,289,Knoll,Co,CoA,8,3,1.1797,14,37,47,11,95,84,0.884210526
MM,7/22/2019,9/24/2019,E,289,Knoll,Co,CoA,1,4,1.5814,11,41,56,8,105,97,0.923809524
MM,8/5/2019,9/24/2019,E,289,Knoll,Co,CoA,3,5,0.9673,14,29,61,6,96,90,0.9375
MM,7/29/2019,9/24/2019,E,289,Knoll,Co,CoC,2,1,1.0653,14,30,54,6,90,84,0.933333333
EW,7/29/2019,9/25/2019,E,289,Knoll,Co,CoC,2,2,1.1703,11,33,37,10,80,70,0.875
EW,7/22/2019,9/25/2019,E,289,Knoll,HP,HPA,3,1,1.7964,9,29,44,3,76,73,0.960526316
EW,7/24/2019,9/25/2019,E,289,Knoll,HP,HPA,4,2,1.6791,9,28,67,11,106,95,0.896226415
EW,8/2/2019,9/25/2019,E,289,Knoll,HP,HPA,2,3,1.4706,9,14,51,3,68,65,0.955882353
EW,8/2/2019,9/25/2019,E,289,Knoll,HP,HPA,2,4,1.2965,10,22,36,4,62,58,0.935483871
EW,7/26/2019,9/25/2019,E,289,Knoll,HP,HPA,10,5,1.8588,10,27,56,6,89,83,0.93258427
EW,8/6/2019,9/25/2019,E,289,Knoll,HP,HPC,1,1,0.6547,4,2,8,17,27,10,0.37037037
EW,7/31/2019,9/25/2019,E,289,Knoll,HP,HPC,1,2,1.2156,7,25,42,8,75,67,0.893333333
EW,7/26/2019,9/25/2019,E,289,Knoll,HP,HPB,5,1,1.5354,10,29,31,12,72,60,0.833333333
EW,7/26/2019,9/25/2019,E,289,Knoll,HP,HPB,5,2,1.4171,12,15,62,13,90,77,0.855555556
EW,7/29/2019,9/25/2019,E,289,Knoll,HP,HPB,4,3,1.2896,9,12,42,11,65,54,0.830769231
EW,7/29/2019,9/25/2019,E,289,Knoll,HP,HPB,4,4,1.1573,15,11,50,13,74,61,0.824324324
EW,8/6/2019,9/25/2019,E,289,Knoll,HP,HPB,1,5,1.2812,7,19,35,9,63,54,0.857142857
EW,8/19/2019,9/25/2019,E,254,Knoll,HP,HPB,1,1,0.278,14,5,9,1,15,14,0.933333333
EW,8/5/2019,9/25/2019,E,254,Knoll,HP,HPB,6,1,0.673,9,19,12,7,38,31,0.815789474
EW,8/5/2019,9/25/2019,E,254,Knoll,HP,HPB,6,2,0.855,10,13,28,2,43,41,0.953488372
EW,8/5/2019,9/25/2019,E,254,Knoll,HP,HPB,6,3,0.841,8,10,18,3,31,28,0.903225806
EW,8/5/2019,9/25/2019,E,254,Knoll,HP,HPB,6,4,1.095,10,12,34,4,50,46,0.92
EW,7/18/2019,9/25/2019,E,254,Knoll,HP,HPA*,2,1,1.22,10,11,16,4,31,27,0.870967742
EW,7/18/2019,9/25/2019,E,254,Knoll,HP,HPA*,2,2,0.185,7,0,13,0,13,13,1
EW,8/12/2019,9/25/2019,E,254,Knoll,HP,HPA,1,1,0.678,14,2,21,32,55,23,0.418181818
EW,8/12/2019,9/25/2019,E,254,Knoll,Co,CoA,2,1,1.53,12,11,38,8,57,49,0.859649123
EW,8/12/2019,9/25/2019,E,254,Knoll,Co,CoA,2,2,1.388,12,14,35,1,50,49,0.98
EW,7/31/2019,9/25/2019,E,254,Knoll,Co,CoA,1,1,1.425,12,19,37,10,66,56,0.848484848
EW,8/5/2019,9/25/2019,E,254,Knoll,Co,CoA,2,1,1.441,9,9,27,11,47,36,0.765957447
EW,8/5/2019,9/25/2019,E,254,Knoll,Co,CoA,1,2,2.3,12,29,35,13,77,64,0.831168831
EW,8/12/2019,9/25/2019,E,254,Knoll,HP,HPB,1,1,0.548,17,2,17,5,24,19,0.791666667
EW,7/31/2019,9/25/2019,E,254,Knoll,HP,HPB,4,1,0.767,8,18,22,7,47,40,0.85106383
EW,7/31/2019,9/25/2019,E,254,Knoll,HP,HPB,4,2,1.295,12,23,33,1,57,56,0.98245614
EW,7/31/2019,9/25/2019,E,254,Knoll,HP,HPB,4,3,0.811,9,15,21,7,43,36,0.837209302
EW,7/31/2019,9/25/2019,E,254,Knoll,HP,HPB,4,4,0.844,10,23,20,4,47,43,0.914893617
EW,8/2/2019,9/25/2019,E,254,Knoll,HP,HPA,2,1,1.027,10,6,33,15,54,39,0.722222222
EW,8/2/2019,9/25/2019,E,254,Knoll,HP,HPA,2,2,1.084,9,21,31,8,60,52,0.866666667
MM,8/6/2019,9/26/2019,E,213,Boutin,HP,HPA,2,2,0.9404,20,41,14,7,62,55,0.887096774
MM,8/6/2019,9/26/2019,E,213,Boutin,HP,HPA,2,1,1.1645,12,38,6,6,50,44,0.88
MM,8/6/2019,9/26/2019,E,213,Boutin,Co,CoA,2,1,2.1286,17,36,37,8,81,73,0.901234568
MM,8/6/2019,9/26/2019,E,213,Boutin,Co,CoA,2,2,1.5392,14,28,51,4,83,79,0.951807229
MM,7/24/2019,9/26/2019,E,213,Boutin,Co,CoA,1,3,1.4222,7,32,30,9,71,62,0.873239437
MM,7/26/2019,9/26/2019,E,213,Boutin,Co,CoA,2,4,0.8756,9,20,41,10,71,61,0.85915493
MM,7/30/2019,9/26/2019,E,213,Boutin,Co,CoA,2,5,1.3004,10,36,42,13,91,78,0.857142857
MM,7/31/2019,9/26/2019,E,254,Knoll,HP,HPA,3,1,1.3468,11,29,32,8,69,61,0.884057971
MM,7/31/2019,9/26/2019,E,254,Knoll,HP,HPA,3,2,1.1357,9,16,51,10,77,67,0.87012987
MM,7/31/2019,9/26/2019,E,254,Knoll,HP,HPA,3,3,1.3345,7,12,46,12,70,58,0.828571429
MM,7/26/2019,9/26/2019,E,254,Knoll,HP,HPA,1,4,1.6335,9,25,50,9,84,75,0.892857143
MM,8/5/2019,9/26/2019,E,254,Knoll,HP,HPA,1,5,1.1226,10,16,40,8,64,56,0.875
MM,7/26/2019,9/26/2019,E,254,Knoll,HP,HPB,2,1,1.2429,7,7,41,7,55,48,0.872727273
MM,7/26/2019,9/26/2019,E,254,Knoll,HP,HPB,2,2,1.1141,9,19,54,1,74,73,0.986486486
MM,8/2/2019,9/26/2019,E,254,Knoll,HP,HPB,2,3,0.9662,10,15,47,5,67,62,0.925373134
MM,8/2/2019,9/26/2019,E,254,Knoll,HP,HPB,2,4,1.0231,9,29,35,7,71,64,0.901408451
MM,8/12/2019,9/26/2019,E,215,Adams,HP,HPD,1,1,0.4411,14,0,3,4,7,3,0.428571429
MM,7/30/2019,9/26/2019,E,215,Adams,HP,HPD,2,2,0.5611,9,12,59,9,80,71,0.8875
MM,7/30/2019,9/26/2019,E,215,Adams,HP,HPD,2,3,0.8916,10,25,33,11,69,58,0.84057971
MM,8/5/2019,9/26/2019,E,215,Adams,HP,HPD,2,4,1.2733,10,13,82,12,107,95,0.887850467
MM,8/5/2019,9/26/2019,E,215,Adams,HP,HPD,2,5,1.3944,8,41,46,11,98,87,0.887755102
MM,8/5/2019,9/26/2019,E,290,Isham,HP,HPA,2,1,1.3637,10,25,59,6,90,84,0.933333333
MM,8/5/2019,9/26/2019,E,290,Isham,HP,HPA,2,2,1.2278,11,27,50,5,82,77,0.93902439
MM,8/2/2019,9/26/2019,E,290,Isham,HP,HPA,1,3,1.4303,10,37,59,6,102,96,0.941176471
MM,8/6/2019,9/26/2019,E,290,Isham,HP,HPA,2,4,1.1943,10,45,48,4,97,93,0.958762887
MM,8/6/2019,9/26/2019,E,290,Isham,HP,HPA,2,5,1.0375,11,31,47,6,84,78,0.928571429
MM,8/5/2019,9/26/2019,E,290,Isham,HP,HPB,2,1,0.9086,9,41,53,3,97,94,0.969072165
MM,8/5/2019,9/26/2019,E,290,Isham,HP,HPB,2,2,1.0206,10,20,57,4,81,77,0.950617284
GS,8/2/2019,10/3/2019,E,398,Adams,Co,CoA,3,1,1.1705,6,8,87,15,110,95,0.863636364
GS,7/31/2019,10/3/2019,E,398,Adams,Co,CoA,3,2,0.9966,11,14,84,8,106,98,0.924528302
GS,7/29/2019,10/3/2019,E,398,Adams,Co,CoA,3,3,1.2542,10,8,82,20,110,90,0.818181818
GS,7/31/2019,10/8/2019,E,398,Adams,HP,HPA,3,1,1.1053,10,11,67,9,87,78,0.896551724
GS,8/1/2019,10/8/2019,E,398,Adams,HP,HPA,3,2,1.0964,10,9,64,16,89,73,0.820224719
GS,8/2/2019,10/8/2019,E,398,Adams,HP,HPA,3,3,1.3313,10,20,40,13,73,60,0.821917808
GS,7/18/2019,10/8/2019,E,398,Adams,HP,HPA,1,1,1.636,12,41,17,10,68,58,0.852941176
GS,8/2/2019,10/8/2019,E,398,Adams,HP,HPA,1,1,0.986,12,4,46,19,69,50,0.724637681
GS,7/26/2019,10/8/2019,E,398,Adams,HP,HPA,7,1,1.298,10,19,40,13,72,59,0.819444444
EW,7/26/2019,10/8/2019,E,398,Adams,HP,HPA,7,2,1.444,12,22,41,4,67,63,0.940298507
EW,7/26/2019,10/8/2019,E,398,Adams,HP,HPA,7,3,1.819,12,28,28,7,63,56,0.888888889
EW,7/26/2019,10/8/2019,E,398,Adams,HP,HPA,7,4,1.846,12,40,35,13,88,75,0.852272727
EW,7/26/2019,10/8/2019,E,398,Adams,HP,HPA,7,5,1.205,11,16,54,8,78,70,0.897435897
EW,7/29/2019,10/8/2019,E,398,Adams,HP,HPA,2,1,1.287,10,29,28,20,77,57,0.74025974
EW,7/29/2019,10/8/2019,E,398,Adams,HP,HPA,2,2,1.491,12,26,32,10,68,58,0.852941176
EW,8/19/2019,10/9/2019,E,251,Knoll,HP,HPA,1,1,0.308,13,9,18,19,46,27,0.586956522
EW,8/19/2019,10/9/2019,E,251,Knoll,Co,CoA,2,1,0.24,23,3,19,12,34,22,0.647058824
EW,8/19/2019,10/9/2019,E,251,Knoll,Co,CoA,2,2,0.157,24,2,3,1,6,5,0.833333333
EW,8/6/2019,10/9/2019,E,251,Knoll,HP,HPB,2,1,0.537,17,13,44,11,68,57,0.838235294
EW,8/6/2019,10/9/2019,E,251,Knoll,HP,HPB,2,2,0.461,15,12,60,9,81,72,0.888888889
EW,8/19/2019,10/9/2019,E,251,Knoll,Co,CoB,2,1,0.364,23,5,32,14,51,37,0.725490196
EW,8/19/2019,10/9/2019,E,251,Knoll,Co,CoB,2,2,0.459,17,7,39,15,61,46,0.754098361
EW,8/14/2019,10/9/2019,E,251,Knoll,Co,CoB,1,1,0.32,13,4,14,6,24,18,0.75
EW,8/5/2019,10/9/2019,E,251,Knoll,Co,CoB,1,1,0.597,10,19,30,7,56,49,0.875
EW,8/2/2019,10/9/2019,E,251,Knoll,Co,CoB,1,1,0.422,11,16,37,8,61,53,0.868852459
EW,8/2/2019,10/9/2019,E,201,Knoll,Co,CoC,1,1,0.949,11,23,32,4,59,55,0.93220339
EW,7/31/2019,10/9/2019,E,251,Knoll,HP,HPA,2,1,0.865,12,31,41,10,82,72,0.87804878
EW,7/31/2019,10/9/2019,E,251,Knoll,HP,HPA,2,2,0.705,9,14,59,9,82,73,0.890243902
EW,8/6/2019,10/9/2019,E,251,Knoll,HP,HPA,2,1,0.137,17,2,13,0,15,15,1
EW,8/6/2019,10/9/2019,E,251,Knoll,HP,HPA,2,2,0.319,16,8,28,15,51,36,0.705882353
EW,8/5/2019,10/9/2019,E,251,Knoll,HP,HPA,3,1,0.212,13,34,36,0,70,70,1
EW,8/5/2019,10/9/2019,E,251,Knoll,HP,HPA,3,2,0.882,13,28,32,7,67,60,0.895522388
EW,8/5/2019,10/9/2019,E,251,Knoll,HP,HPA,3,3,0.695,14,13,59,10,82,72,0.87804878
EW,7/31/2019,10/9/2019,E,251,Knoll,HP,HPB,1,1,0.577,18,9,55,8,72,64,0.888888889
EW,8/2/2019,10/9/2019,E,251,Knoll,HP,HPA,3,1,0.579,12,10,69,4,83,79,0.951807229
EW,8/2/2019,10/9/2019,E,251,Knoll,HP,HPA,3,2,0.361,14,8,51,10,69,59,0.855072464
EW,8/2/2019,10/9/2019,E,251,Knoll,HP,HPA,3,3,0.405,13,13,33,2,48,46,0.958333333
EW,8/9/2019,10/9/2019,E,251,Knoll,HP,HPA,1,1,0.366,15,8,22,4,34,30,0.882352941
JS,8/14/2019,10/9/2019,E,251,Knoll,HP,HPA,2,1,0.45,17,4,32,6,42,36,0.857142857
JS,8/14/2019,10/9/2019,E,251,Knoll,HP,HPA,2,2,0.36,9,3,46,6,55,49,0.890909091
JS,8/16/2019,10/9/2019,E,350,Charlotte,Co,CoB,1,1,0.518,7,17,12,3,32,29,0.90625
JS,8/12/2019,10/9/2019,E,350,Charlotte,Co,CoA,1,1,1.163,13,6,52,3,61,58,0.950819672
JS,8/12/2019,10/9/2019,E,350,Charlotte,Co,CoA,2,1,1.793,10,16,53,2,71,69,0.971830986
JS,8/12/2019,10/9/2019,E,350,Charlotte,Co,CoA,2,2,2.047,11,25,42,4,71,67,0.943661972
JS,7/31/2019,10/9/2019,E,350,Charlotte,Co,CoA,1,1,1.717,6,34,54,0,88,88,1
JS,7/31/2019,10/9/2019,E,350,Charlotte,Co,CoB,1,1,1.842,8,25,51,5,81,76,0.938271605
JS,8/6/2019,10/9/2019,E,350,Charlotte,Co,CoB,1,1,1.362,12,17,71,9,97,88,0.907216495
JS,8/12/2019,10/9/2019,E,350,Charlotte,Co,CoB,2,1,1.806,12,23,48,4,75,71,0.946666667
JS,8/12/2019,10/9/2019,E,350,Charlotte,Co,CoB,2,2,1.598,11,27,49,3,79,76,0.962025316
JS,8/5/2019,10/9/2019,E,350,Charlotte,Co,CoB,1,1,2.152,8,30,49,3,82,79,0.963414634
JS,8/19/2019,10/9/2019,E,290,Isham,Co,CoA,1,1,0.149,16,5,12,0,17,17,1
JS,8/5/2019,10/9/2019,E,290,Isham,Co,CoA,3,1,1.17,12,16,55,1,72,71,0.986111111
JS,8/5/2019,10/9/2019,E,290,Isham,Co,CoA,3,2,0.573,11,9,42,0,51,51,1
JS,8/5/2019,10/9/2019,E,290,Isham,Co,CoA,3,3,1.098,10,14,45,0,59,59,1
EW,8/12/2019,10/9/2019,E,290,Isham,Co,CoB,1,1,1.105,11,28,51,7,86,79,0.918604651
EW,8/16/2019,10/9/2019,E,335,Charlotte,HP,HPA,1,1,1.296,12,35,53,4,92,88,0.956521739
EW,7/29/2019,10/9/2019,E,335,Charlotte,HP,HPB,1,1,1.223,11,12,46,11,69,58,0.84057971
EW,8/9/2019,10/9/2019,E,335,Charlotte,HP,HPA,2,1,1.451,8,23,49,2,74,72,0.972972973
EW,8/9/2019,10/9/2019,E,335,Charlotte,HP,HPA,2,2,1.463,8,31,47,11,89,78,0.876404494
EW,8/14/2019,10/9/2019,E,335,Charlotte,HP,HPA,1,1,1.835,10,42,57,8,107,99,0.925233645
EW,7/26/2019,10/9/2019,E,335,Charlotte,Co,CoA,2,1,1.509,11,8,67,4,79,75,0.949367089
EW,7/26/2019,10/9/2019,E,335,Charlotte,Co,CoA,2,2,1.988,9,23,79,7,109,102,0.935779817
EW,8/2/2019,10/9/2019,E,260,FullBelly,HP,HPB,1,1,1.747,8,24,31,4,59,55,0.93220339
GS,8/9/2019,10/15/2019,E,383,Adams,HP,HPA,2,1,0.278,17,15,24,7,46,39,0.847826087
GS,8/9/2019,10/15/2019,E,383,Adams,HP,HPA,2,2,0.35,18,18,34,7,59,52,0.881355932
GS,8/9/2019,10/15/2019,E,383,Adams,Co,CoA,1,1,0.258,16,1,18,5,24,19,0.791666667
GS,8/28/2019,10/15/2019,C,9,Charlotte,HP,HPA,1,1,0.8,21,4,23,8,35,27,0.771428571
GS,8/28/2019,10/15/2019,C,9,Charlotte,HP,HPC,1,1,0.467,15,7,25,3,35,32,0.914285714
GS,7/22/2019,10/15/2019,E,335,Charlotte,Co,CoA,1,1,1.218,11,6,72,13,91,78,0.857142857
GS,7/26/2019,10/15/2019,E,285,Charlotte,HP,HPA,1,1,1.4534,10,27,63,14,104,90,0.865384615
GS,7/29/2019,10/15/2019,E,285,Charlotte,HP,HPA,1,1,1.3558,12,15,65,8,88,80,0.909090909
GS,7/31/2019,10/15/2019,E,194,Knoll,HP,HPA,3,1,0.887,11,16,41,4,61,57,0.93442623
GS,7/31/2019,10/15/2019,E,194,Knoll,HP,HPA,3,2,0.846,15,7,55,8,70,62,0.885714286
GS,7/31/2019,10/15/2019,E,194,Knoll,HP,HPA,3,3,1.018,12,21,33,6,60,54,0.9
GS,7/24/2019,10/15/2019,E,194,Knoll,HP,HPA,1,1,1.266,9,17,55,8,80,72,0.9
GS,7/26/2019,10/15/2019,E,194,Knoll,HP,HPA,1,1,1.279,7,15,49,8,72,64,0.888888889
EW,7/18/2019,10/16/2019,E,396,Isham,Co,CoB,1,1,1.7,7,23,48,11,82,71,0.865853659
EW,7/19/2019,10/16/2019,E,396,Isham,Co,CoB,2,1,1.929,8,21,59,10,90,80,0.888888889
EW,7/19/2019,10/16/2019,E,396,Isham,Co,CoB,2,2,2.24,8,37,40,9,86,77,0.895348837
EW,7/24/2019,10/16/2019,E,396,Isham,Co,CoB,3,1,2.114,8,40,28,12,80,68,0.85
EW,7/24/2019,10/16/2019,E,396,Isham,Co,CoB,3,2,2.082,8,25,55,4,84,80,0.952380952
EW,7/24/2019,10/16/2019,E,396,Isham,Co,CoB,3,3,1.859,10,30,33,12,75,63,0.84
EW,7/29/2019,10/16/2019,E,396,Isham,Co,CoB,2,1,1.915,11,34,43,10,87,77,0.885057471
EW,7/29/2019,10/16/2019,E,396,Isham,Co,CoB,2,2,0.989,11,22,15,5,42,37,0.880952381
EW,7/29/2019,10/16/2019,E,396,Isham,Co,CoA,1,1,1.572,11,32,29,9,70,61,0.871428571
EW,7/29/2019,10/16/2019,E,396,Isham,HP,HPA,3,1,1.485,10,40,32,6,78,72,0.923076923
EW,7/29/2019,10/16/2019,E,396,Isham,HP,HPA,3,2,1.657,12,48,26,10,84,74,0.880952381
EW,7/29/2019,10/16/2019,E,396,Isham,HP,HPA,3,3,1.324,11,22,36,6,64,58,0.90625
EW,8/5/2019,10/16/2019,E,396,Isham,HP,HPA,2,1,1.384,13,20,33,4,57,53,0.929824561
EW,8/5/2019,10/16/2019,E,396,Isham,HP,HPA,2,2,1.614,13,28,47,10,85,75,0.882352941
EW,7/31/2019,10/16/2019,E,396,Isham,HP,HPB,1,1,1.552,11,42,21,5,68,63,0.926470588
EW,7/28/2019,10/16/2019,E,396,Isham,HP,HPA,1,1,1.194,11,28,31,7,66,59,0.893939394
EW,7/31/2019,10/16/2019,E,396,Isham,Co,CoA,2,1,0.657,10,31,35,2,68,66,0.970588235
EW,7/31/2019,10/16/2019,E,396,Isham,Co,CoA,2,2,1.299,10,25,19,6,50,44,0.88
EW,7/26/2019,10/16/2019,E,396,Isham,Co,CoA,2,1,1.351,9,20,32,12,64,52,0.8125
EW,7/26/2019,10/16/2019,E,396,Isham,Co,CoA,2,2,1.075,10,31,22,6,59,53,0.898305085
EW,7/26/2019,10/16/2019,E,396,Isham,Co,CoB,3,1,1.743,10,21,56,2,79,77,0.974683544
EW,7/26/2019,10/16/2019,E,396,Isham,Co,CoB,3,2,1.235,11,19,51,6,76,70,0.921052632
EW,7/26/2019,10/16/2019,E,396,Isham,Co,CoB,3,3,1.893,8,21,22,11,54,43,0.796296296
EW,8/5/2019,10/16/2019,E,396,Isham,Co,CoA,7,1,0.996,14,16,54,5,75,70,0.933333333
EW,8/5/2019,10/16/2019,E,396,Isham,Co,CoA,7,2,1.175,14,31,11,8,50,42,0.84
EW,8/5/2019,10/16/2019,E,396,Isham,Co,CoA,7,3,1.132,12,38,42,10,90,80,0.888888889
EW,8/5/2019,10/16/2019,E,396,Isham,Co,CoA,7,4,1.387,9,41,34,16,91,75,0.824175824
EW,8/5/2019,10/16/2019,E,396,Isham,Co,CoA,7,5,1.216,11,31,34,13,78,65,0.833333333
EW,8/12/2019,10/17/2019,E,215,Adams,HP,HPB,2,1,0.531,16,1,18,9,28,19,0.678571429
EW,8/12/2019,10/17/2019,E,215,Adams,HP,HPB,2,2,0.393,16,1,11,12,24,12,0.5
EW,8/2/2019,10/17/2019,E,215,Adams,HP,HPA,1,1,0.872,10,9,47,7,63,56,0.888888889
EW,7/30/2019,10/17/2019,E,215,Adams,HP,HPB,1,1,1.653,10,29,63,14,106,92,0.867924528
EW,7/31/2019,10/17/2019,E,215,Adams,HP,HPB,1,1,0.727,11,3,41,21,65,44,0.676923077
EW,8/12/2019,10/17/2019,E,215,Adams,HP,HPC,1,1,0.288,16,10,21,0,31,31,1
EW,7/30/2019,10/17/2019,E,215,Adams,HP,HPC,1,1,0.844,11,13,75,10,98,88,0.897959184
EW,8/9/2019,10/17/2019,E,215,Adams,Co,CoA,1,1,1.127,13,8,67,14,89,75,0.842696629
EW,8/16/2019,10/17/2019,E,215,Adams,Co,CoB,1,1,0.307,12,0,0,0,0,0,0
EW,8/9/2019,10/17/2019,E,215,Adams,Co,CoB,2,1,0.493,11,1,8,0,9,9,1
EW,8/9/2019,10/17/2019,E,215,Adams,Co,CoB,2,2,0.548,13,1,13,20,34,14,0.411764706
EW,7/31/2019,10/17/2019,E,215,Adams,Co,CoB,1,1,0.561,11,21,45,4,70,66,0.942857143
GS,7/18/2019,10/18/2019,E,329,Boutin,Co,CoA,2,1,0.4877,11,50,5,5,60,55,0.916666667
GS,7/18/2019,10/18/2019,E,329,Boutin,Co,CoA,2,2,0.6251,10,20,26,5,51,46,0.901960784
GS,8/2/2019,10/18/2019,E,329,Boutin,HP,HPA,2,1,0.4136,15,14,47,9,70,61,0.871428571
GS,8/2/2019,10/18/2019,E,329,Boutin,HP,HPA,2,2,0.5175,11,24,41,10,75,65,0.866666667
GS,7/30/2019,10/18/2019,E,329,Boutin,HP,HPA,3,1,0.6274,10,9,41,18,68,50,0.735294118
GS,7/30/2019,10/18/2019,E,329,Boutin,HP,HPA,3,2,0.7103,11,11,46,8,65,57,0.876923077
GS,7/30/2019,10/18/2019,E,329,Boutin,HP,HPA,3,3,0.6175,13,9,49,9,67,58,0.865671642
EW,8/12/2019,10/22/2019,E,122,Knoll,Co,CoA,1,1,1.089,8,17,34,9,60,51,0.85
EW,8/14/2019,10/22/2019,E,122,Knoll,Co,CoA,1,1,1.306,7,17,47,5,69,64,0.927536232
EW,8/5/2019,10/22/2019,E,122,Knoll,Co,CoB,1,1,1.831,8,25,40,6,71,65,0.915492958
EW,8/2/2019,10/22/2019,E,122,Knoll,Co,CoB,1,1,1.761,11,25,48,13,86,73,0.848837209
EW,8/5/2019,10/22/2019,E,122,Knoll,Co,CoC,1,1,1.994,10,41,57,4,102,98,0.960784314
EW,8/12/2019,10/22/2019,E,122,Knoll,Co,CoC,1,1,1.612,9,26,73,7,106,99,0.933962264
EW,8/12/2019,10/22/2019,E,122,Knoll,HP,HPA,1,1,0.941,17,6,25,8,39,31,0.794871795
EW,8/14/2019,10/22/2019,E,122,Knoll,HP,HPA,1,1,1.349,16,23,34,3,60,57,0.95
EW,8/9/2019,10/22/2019,E,122,Knoll,HP,HPA,1,1,1.41,11,22,34,1,57,56,0.98245614
EW,8/5/2019,10/22/2019,E,122,Knoll,HP,HPA,1,1,1.183,13,30,12,3,45,42,0.933333333
EW,7/26/2019,10/22/2019,E,329,Boutin,HP,HPA,3,1,0.572,10,23,23,12,58,46,0.793103448
EW,7/26/2019,10/22/2019,E,329,Boutin,HP,HPA,3,2,0.418,9,6,19,0,25,25,1
EW,7/26/2019,10/22/2019,E,329,Boutin,HP,HPA,3,3,0.609,11,25,47,7,79,72,0.911392405
EW,7/22/2019,10/22/2019,E,329,Boutin,Co,CoA,2,1,0.736,16,23,20,0,43,43,1
EW,7/22/2019,10/22/2019,E,329,Boutin,Co,CoA,2,2,0.421,13,14,29,4,47,43,0.914893617
EW,7/30/2019,10/22/2019,E,329,Boutin,Co,CoA,10,1,0.599,12,23,28,4,55,51,0.927272727
EW,7/30/2019,10/22/2019,E,329,Boutin,Co,CoA,10,2,0.689,8,36,9,0,45,45,1
EW,7/30/2019,10/22/2019,E,329,Boutin,Co,CoA,10,3,0.619,11,42,7,10,59,49,0.830508475
EW,7/30/2019,10/22/2019,E,329,Boutin,Co,CoA,10,4,0.41,11,12,24,18,54,36,0.666666667
EW,7/30/2019,10/22/2019,E,329,Boutin,Co,CoA,10,5,0.621,8,17,19,6,42,36,0.857142857
EW,8/6/2019,10/22/2019,E,329,Boutin,HP,HPA,1,1,0.518,13,18,29,0,47,47,1
EW,7/26/2019,10/23/2019,E,329,Boutin,Co,CoA,3,1,0.749,11,12,20,1,33,32,0.96969697
EW,7/26/2019,10/23/2019,E,329,Boutin,Co,CoA,3,2,0.504,10,25,23,4,52,48,0.923076923
EW,7/26/2019,10/23/2019,E,329,Boutin,Co,CoA,3,3,0.382,10,12,16,0,28,28,1
EW,7/31/2019,10/23/2019,E,246,Charlotte,Co,CoA,1,1,1.213,9,19,33,6,58,52,0.896551724
EW,8/16/2019,10/23/2019,E,328,Adams,HP,HPA,1,1,1.399,13,24,24,3,51,48,0.941176471
EW,8/19/2019,10/23/2019,E,330,Isham,HP,HPA,1,1,1.442,8,9,44,14,67,53,0.791044776
EW,8/12/2019,10/23/2019,E,330,Isham,HP,HPA,1,1,1.693,7,10,70,3,83,80,0.963855422
EW,8/16/2019,10/23/2019,E,230,Knoll,HP,HPA,1,1,1.501,9,14,52,6,72,66,0.916666667
EW,8/14/2019,10/23/2019,E,346,Isham,Co,CoA,1,1,1.345,9,15,41,3,59,56,0.949152542
EW,8/9/2019,10/23/2019,E,348,Isham,Co,CoA,1,1,0.586,8,36,29,4,69,65,0.942028986
EW,7/26/2019,10/23/2019,E,348,Isham,Co,CoA,1,1,1.317,9,34,45,6,85,79,0.929411765
EW,7/31/2019,10/23/2019,E,348,Isham,Co,CoA,1,1,1.002,7,39,32,4,75,71,0.946666667
EW,8/14/2019,10/23/2019,E,346,Isham,Co,CoB,1,1,1.512,9,18,48,8,74,66,0.891891892
EW,8/12/2019,10/23/2019,E,346,Isham,HP,HPA,2,1,1.457,10,31,22,7,60,53,0.883333333
EW,8/12/2019,10/23/2019,E,346,Isham,HP,HPA,2,2,1.246,11,19,29,3,51,48,0.941176471
EW,7/26/2019,10/23/2019,E,348,Isham,HP,HPA,1,1,0.959,7,21,42,6,69,63,0.913043478
EW,7/31/2019,10/23/2019,E,348,Isham,HP,HPA,2,1,1.202,9,16,53,9,78,69,0.884615385
EW,7/31/2019,10/23/2019,E,348,Isham,HP,HPA,2,2,1.322,10,14,40,13,67,54,0.805970149
EW,7/29/2019,10/23/2019,E,194,Knoll,HP,HPA,2,1,1.205,12,22,43,5,70,65,0.928571429
EW,7/29/2019,10/23/2019,E,194,Knoll,HP,HPA,2,2,0.989,10,18,50,2,70,68,0.971428571
EW,8/5/2019,10/23/2019,E,194,Knoll,Co,CoA,1,1,0.734,11,3,60,7,70,63,0.9
EW,7/31/2019,10/24/2019,E,329,Boutin,Co,CoA,4,1,0.436,10,10,31,11,52,41,0.788461538
EW,7/31/2019,10/24/2019,E,329,Boutin,Co,CoA,4,2,0.557,11,30,22,11,63,52,0.825396825
EW,7/31/2019,10/24/2019,E,329,Boutin,Co,CoA,4,3,0.327,8,18,22,11,51,40,0.784313725
EW,8/5/2019,10/24/2019,E,329,Boutin,Co,CoA,2,1,0.479,12,9,29,10,48,38,0.791666667
EW,8/5/2019,10/24/2019,E,329,Boutin,Co,CoA,2,2,0.387,13,6,25,10,41,31,0.756097561
EW,7/31/2019,10/24/2019,E,394,Knoll,HP,HPA,1,1,1.971,10,56,19,6,81,75,0.925925926
EW,7/29/2019,10/24/2019,E,394,Knoll,HP,HPA,1,1,2.22,9,40,34,5,79,74,0.936708861
EW,8/12/2019,10/24/2019,E,394,Knoll,HP,HPA,2,1,1.799,12,32,35,4,71,67,0.943661972
EW,8/12/2019,10/24/2019,E,394,Knoll,HP,HPA,2,2,1.613,13,23,38,5,66,61,0.924242424
EW,7/18/2019,10/24/2019,C,9,Charlotte,HP,HPB,2,1,0.701,9,9,15,2,26,24,0.923076923
EW,7/18/2019,10/24/2019,C,9,Charlotte,HP,HPB,2,2,0.326,9,12,17,1,30,29,0.966666667
EW,8/19/2019,10/24/2019,C,9,Charlotte,HP,HPA,1,1,0.628,16,17,23,0,40,40,1
EW,8/5/2019,10/24/2019,C,9,Charlotte,Co,CoC,1,1,1.373,12,35,26,5,66,61,0.924242424
EW,8/9/2019,10/24/2019,C,9,Charlotte,Co,CoC,2,1,1.103,15,19,15,2,36,34,0.944444444
EW,8/9/2019,10/24/2019,C,9,Charlotte,Co,CoC,2,2,1.23,14,23,30,3,56,53,0.946428571
EW,7/24/2019,10/24/2019,C,9,Charlotte,Co,CoC,1,1,1.158,12,17,22,2,41,39,0.951219512
EW,8/5/2019,10/31/2019,C,9,Charlotte,HP,HPB,1,1,2.596,11,50,19,2,71,69,0.971830986
EW,8/6/2019,10/31/2019,C,9,Charlotte,HP,HPB,1,1,1.831,12,48,13,3,64,61,0.953125
EW,8/14/2019,10/31/2019,C,9,Charlotte,HP,HPB,1,1,0.943,13,11,35,3,49,46,0.93877551
EW,8/16/2019,10/31/2019,C,9,Charlotte,HP,HPA,3,1,0.684,14,14,41,4,59,55,0.93220339
EW,8/16/2019,10/31/2019,C,9,Charlotte,HP,HPA,3,2,0.923,14,20,34,0,54,54,1
EW,8/16/2019,10/31/2019,C,9,Charlotte,HP,HPA,3,3,0.874,14,24,37,3,64,61,0.953125
EW,8/16/2019,10/31/2019,C,9,Charlotte,HP,HPC,1,1,0.742,13,8,31,7,46,39,0.847826087
EW,8/23/2019,10/31/2019,C,23,Charlotte,HP,HPA,1,1,0.369,11,0,0,29,29,0,0
EW,8/19/2019,10/31/2019,C,23,Charlotte,HP,HPA,3,1,0.435,14,1,1,39,41,2,0.048780488
EW,8/19/2019,10/31/2019,C,23,Charlotte,HP,HPA,3,2,0.338,11,0,0,46,46,0,0
EW,8/19/2019,10/31/2019,C,23,Charlotte,HP,HPA,3,3,0.434,20,0,1,23,24,1,0.041666667
EW,8/12/2019,10/31/2019,C,23,Charlotte,HP,HPA,1,1,0.317,13,0,1,45,46,1,0.02173913
EW,8/6/2019,10/31/2019,C,26,Knoll,HP,HPA,1,1,1.156,13,50,21,5,76,71,0.934210526
EW,8/21/2019,10/31/2019,C,26,Knoll,HP,HPA,1,1,0.512,11,12,45,5,62,57,0.919354839
EW,7/29/2019,10/31/2019,C,26,Knoll,HP,HPA,1,1,1.481,11,50,26,12,88,76,0.863636364
EW,7/31/2019,10/31/2019,C,26,Knoll,HP,HPA,1,1,1.146,13,57,8,12,77,65,0.844155844
EW,8/9/2019,10/31/2019,C,26,Knoll,HP,HPA,1,1,1.016,11,41,23,5,69,64,0.927536232
EW,8/5/2019,10/31/2019,C,28,Charlotte,HP,HPA,1,1,1.917,12,77,5,6,88,82,0.931818182
EW,8/2/2019,10/31/2019,C,28,Charlotte,HP,HPA,1,1,1.846,4,71,23,4,98,94,0.959183673
EW,7/18/2019,10/31/2019,C,370,FullBelly,Co,CoA,1,1,0.682,9,2,51,2,55,53,0.963636364
EW,7/29/2019,10/31/2019,C,370,FullBelly,Co,CoA,1,1,1.649,10,23,56,3,82,79,0.963414634
EW,7/22/2019,10/31/2019,C,370,FullBelly,HP,HPA,1,1,1.436,11,29,44,1,74,73,0.986486486
EW,8/9/2019,11/1/2019,A,105,Adams,Co,CoA,5,1,0.92,14,17,36,3,56,53,0.946428571
EW,8/9/2019,11/1/2019,A,105,Adams,Co,CoA,5,2,1.304,11,25,41,5,71,66,0.929577465
EW,8/9/2019,11/1/2019,A,105,Adams,Co,CoA,5,3,1.329,11,33,34,4,71,67,0.943661972
EW,8/9/2019,11/1/2019,A,105,Adams,Co,CoA,5,4,1.299,12,21,42,6,69,63,0.913043478
EW,8/9/2019,11/1/2019,A,105,Adams,Co,CoA,5,5,1.192,13,16,48,4,68,64,0.941176471
EW,8/12/2019,11/1/2019,A,105,Adams,Co,CoA,2,1,1.237,14,14,47,7,68,61,0.897058824
EW,8/12/2019,11/1/2019,A,105,Adams,Co,CoA,2,2,1.147,13,13,62,12,87,75,0.862068966
EW,7/22/2019,11/1/2019,A,105,Adams,HP,HPB,1,1,1.987,11,47,21,7,75,68,0.906666667
EW,7/24/2019,11/1/2019,A,105,Adams,HP,HPA,2,1,2.046,11,28,44,7,79,72,0.911392405
EW,7/24/2019,11/1/2019,A,105,Adams,HP,HPA,2,2,2.022,10,26,46,8,80,72,0.9
EW,8/2/2019,11/1/2019,A,105,Adams,HP,HPA,2,1,1.698,9,67,7,7,81,74,0.913580247
EW,8/2/2019,11/1/2019,A,105,Adams,HP,HPA,2,2,1.466,12,19,48,12,79,67,0.848101266
EW,7/29/2019,11/1/2019,A,105,Adams,HP,HPA,4,1,1.867,11,29,43,18,90,72,0.8
EW,7/29/2019,11/1/2019,A,105,Adams,HP,HPA,4,2,2.262,10,39,38,7,84,77,0.916666667
EW,7/29/2019,11/1/2019,A,105,Adams,HP,HPA,4,3,2.523,13,33,41,6,80,74,0.925
EW,7/29/2019,11/1/2019,A,105,Adams,HP,HPA,4,4,1.744,14,38,46,14,98,84,0.857142857
EW,7/31/2019,11/1/2019,A,105,Adams,HP,HPB,1,1,1.242,12,16,46,6,68,62,0.911764706
EW,8/2/2019,11/1/2019,A,105,Adams,HP,HPB,1,1,1.324,13,24,46,7,77,70,0.909090909
EW,8/5/2019,11/1/2019,A,105,Adams,HP,HPA,5,1,1.855,20,24,46,11,81,70,0.864197531
EW,8/5/2019,11/1/2019,A,105,Adams,HP,HPA,5,2,1.862,13,27,51,7,85,78,0.917647059
EW,8/5/2019,11/1/2019,A,105,Adams,HP,HPA,5,3,1.672,15,23,43,12,78,66,0.846153846
EW,8/5/2019,11/1/2019,A,105,Adams,HP,HPA,5,4,1.554,10,12,52,4,68,64,0.941176471
EW,8/5/2019,11/1/2019,A,105,Adams,HP,HPA,5,5,1.691,9,16,34,4,54,50,0.925925926
EW,7/26/2019,11/1/2019,A,105,Adams,HP,HPA,3,1,1.567,11,17,57,8,82,74,0.902439024
EW,7/26/2019,11/1/2019,A,105,Adams,HP,HPA,3,2,1.603,10,18,52,9,79,70,0.886075949
EW,7/26/2019,11/1/2019,A,105,Adams,HP,HPA,3,3,1.695,12,17,54,9,80,71,0.8875
EW,7/31/2019,11/1/2019,A,105,Adams,HP,HPA,5,1,1.63,11,25,48,12,85,73,0.858823529
EW,7/31/2019,11/1/2019,A,105,Adams,HP,HPA,5,2,1.637,11,24,40,12,76,64,0.842105263
EW,7/31/2019,11/1/2019,A,105,Adams,HP,HPA,5,3,1.594,11,29,36,12,77,65,0.844155844
EW,7/31/2019,11/1/2019,A,105,Adams,HP,HPA,5,4,1.276,10,41,21,3,65,62,0.953846154
EW,7/31/2019,11/1/2019,A,105,Adams,HP,HPA,5,5,1.842,14,35,43,10,88,78,0.886363636
EW,7/26/2019,11/1/2019,A,105,Adams,HP,HPB,1,1,2.272,12,5,37,12,54,42,0.777777778
EW,8/5/2019,11/1/2019,A,105,Adams,HP,HPB,1,1,0.982,13,39,24,3,66,63,0.954545455
EW,7/24/2019,11/1/2019,A,105,Adams,HP,HPB,1,1,1.867,11,29,48,4,81,77,0.950617284
EW,8/5/2019,11/1/2019,A,105,Adams,Co,CoA,2,1,1.336,13,32,50,5,87,82,0.942528736
EW,8/5/2019,11/1/2019,A,105,Adams,Co,CoA,2,2,1.337,12,14,62,7,83,76,0.915662651
EW,8/6/2019,11/1/2019,A,105,Adams,Co,CoA,3,1,1.132,12,20,26,10,56,46,0.821428571
EW,8/6/2019,11/1/2019,A,105,Adams,Co,CoA,3,2,1.013,11,25,42,1,68,67,0.985294118
EW,8/6/2019,11/1/2019,A,105,Adams,Co,CoA,3,3,1.391,11,27,48,5,80,75,0.9375
EW,7/29/2019,11/1/2019,A,105,Adams,Co,CoA,3,1,1.723,15,28,53,2,83,81,0.975903614
EW,7/29/2019,11/1/2019,A,105,Adams,Co,CoA,3,2,1.073,11,32,29,6,67,61,0.910447761
EW,7/29/2019,11/1/2019,A,105,Adams,Co,CoA,3,3,1.763,10,27,55,4,86,82,0.953488372
EW,7/31/2019,11/1/2019,A,105,Adams,Co,CoA,3,1,1.478,11,34,40,4,78,74,0.948717949
EW,7/31/2019,11/1/2019,A,105,Adams,Co,CoA,3,2,1.292,10,22,43,6,71,65,0.915492958
EW,7/31/2019,11/1/2019,A,105,Adams,Co,CoA,3,3,1.458,11,34,40,10,84,74,0.880952381
EW,8/5/2019,11/1/2019,A,105,Adams,Co,CoB,2,1,1.173,11,12,54,6,72,66,0.916666667
EW,8/5/2019,11/1/2019,A,105,Adams,Co,CoB,2,2,1.361,11,21,50,8,79,71,0.898734177
EW,8/9/2019,11/1/2019,A,105,Adams,Co,CoB,1,1,1.14,12,15,40,6,61,55,0.901639344
EW,7/22/2019,11/6/2019,A,298,Isham,Co,CoA,1,1,0.597,13,6,44,6,56,50,0.892857143
EW,7/29/2019,11/6/2019,A,298,Isham,Co,CoA,1,1,1.039,13,13,55,3,71,68,0.957746479
EW,8/5/2019,11/6/2019,A,298,Isham,Co,CoA,3,1,0.914,12,5,39,9,53,44,0.830188679
EW,8/5/2019,11/6/2019,A,298,Isham,Co,CoA,3,2,1.318,11,16,48,8,72,64,0.888888889
EW,8/5/2019,11/6/2019,A,298,Isham,Co,CoA,3,3,1.083,14,4,52,5,61,56,0.918032787
EW,8/2/2019,11/6/2019,A,298,Isham,Co,CoA,1,1,1.027,11,26,47,4,77,73,0.948051948
EW,8/6/2019,11/6/2019,A,298,Isham,Co,CoA,2,1,0.915,13,5,42,7,54,47,0.87037037
EW,8/6/2019,11/6/2019,A,298,Isham,Co,CoA,2,2,0.945,12,5,49,10,64,54,0.84375
EW,7/24/2019,11/6/2019,A,298,Isham,Co,CoB,1,1,1.429,11,15,50,6,71,65,0.915492958
EW,7/31/2019,11/6/2019,A,298,Isham,Co,CoB,2,1,1.175,12,13,47,9,69,60,0.869565217
EW,7/31/2019,11/6/2019,A,298,Isham,Co,CoB,,2,1.224,12,13,59,2,74,72,0.972972973
EW,8/9/2019,11/6/2019,A,298,Isham,Co,CoC,1,1,1.323,11,11,41,5,57,52,0.912280702
EW,7/31/2019,11/6/2019,A,298,Isham,HP,HPA,5,1,1.053,11,13,43,2,58,56,0.965517241
EW,7/31/2019,11/6/2019,A,298,Isham,HP,HPA,5,2,1.224,12,9,52,2,63,61,0.968253968
EW,7/31/2019,11/6/2019,A,298,Isham,HP,HPA,5,3,1.281,12,13,65,2,80,78,0.975
EW,7/31/2019,11/6/2019,A,298,Isham,HP,HPA,5,4,0.999,12,5,61,8,74,66,0.891891892
EW,7/31/2019,11/6/2019,A,298,Isham,HP,HPA,5,5,1.177,12,10,50,7,67,60,0.895522388
EW,7/29/2010,11/6/2019,A,298,Isham,HP,HPA,3,1,1.323,12,16,50,4,70,66,0.942857143
EW,7/29/2010,11/6/2019,A,298,Isham,HP,HPA,3,2,1.239,12,12,49,7,68,61,0.897058824
EW,7/29/2010,11/6/2019,A,298,Isham,HP,HPA,3,3,1.296,12,17,53,8,78,70,0.897435897
EW,7/24/2019,11/6/2019,A,298,Isham,HP,HPA,1,1,1.217,10,14,54,0,68,68,1
EW,7/26/2019,11/6/2019,A,298,Isham,HP,HPA,1,1,1.466,11,16,57,1,74,73,0.986486486
EW,7/29/2019,11/6/2019,A,298,Isham,HP,HPB,1,1,1.054,11,9,38,4,51,47,0.921568627
EW,7/31/2019,11/6/2019,A,298,Isham,HP,HPB,1,1,0.999,12,12,52,7,71,64,0.901408451
EW,7/26/2019,11/6/2019,A,298,Isham,HP,HPB,3,1,1.666,12,30,54,4,88,84,0.954545455
EW,7/26/2019,11/6/2019,A,298,Isham,HP,HPB,3,2,1.256,10,19,62,5,86,81,0.941860465
EW,7/26/2019,11/6/2019,A,298,Isham,HP,HPB,3,3,1.449,12,18,58,5,81,76,0.938271605
EW,7/22/2019,11/6/2019,A,298,Isham,HP,HPB,1,1,1.342,10,32,43,4,79,75,0.949367089
EW,7/29/2019,11/6/2019,A,298,Isham,HP,HPC,1,1,1.366,15,51,24,10,85,75,0.882352941
EW,7/22/2019,11/6/2019,A,298,Isham,HP,HPC,1,1,1.611,13,23,72,3,98,95,0.969387755
EW,7/15/2019,11/6/2019,A,298,Isham,Co,CoA,1,1,0.498,12,1,26,0,27,27,1
EW,8/6/2019,11/14/2019,E,335,Charlotte,HP,HPB,2,1,1.433,12,10,64,5,79,74,0.936708861
EW,8/6/2019,11/14/2019,E,335,Charlotte,HP,HPB,2,1,1.379,13,26,54,4,84,80,0.952380952
EW,8/16/2019,11/14/2019,A,218,Charlotte,Co,CoA,1,1,0.867,10,5,40,11,56,45,0.803571429
EW,7/22/2019,11/14/2019,A,218,Charlotte,Co,CoA,1,1,1.337,12,8,58,8,74,66,0.891891892
EW,7/19/2019,11/14/2019,A,218,Charlotte,Co,CoA,2,1,1.542,12,23,59,7,89,82,0.921348315
EW,7/19/2019,11/14/2019,A,218,Charlotte,Co,CoA,2,2,1.466,15,7,57,8,72,64,0.888888889
EW,7/22/2019,11/14/2019,A,218,Charlotte,HP,HPA,1,1,1.407,12,15,48,12,75,63,0.84
EW,7/29/2019,11/14/2019,A,218,Charlotte,HP,HPA,3,1,1.266,12,25,45,9,79,70,0.886075949
EW,7/29/2019,11/14/2019,A,218,Charlotte,HP,HPA,3,2,1.532,13,42,30,7,79,72,0.911392405
EW,7/29/2019,11/14/2019,A,218,Charlotte,HP,HPA,3,3,1.818,15,43,22,8,73,65,0.890410959
EW,7/31/2019,11/14/2019,A,218,Charlotte,Co,CoA,1,1,1.114,16,17,49,8,74,66,0.891891892
EW,7/24/2019,11/14/2019,A,218,Charlotte,HP,HPA,2,1,1.669,10,22,60,13,95,82,0.863157895
EW,7/24/2019,11/14/2019,A,218,Charlotte,HP,HPA,2,2,1.62,12,72,15,3,90,87,0.966666667
EW,7/29/2019,11/14/2019,A,218,Charlotte,Co,CoA,4,1,0.82,13,2,20,24,46,22,0.47826087
EW,7/29/2019,11/14/2019,A,218,Charlotte,Co,CoA,4,2,1.203,12,5,50,20,75,55,0.733333333
EW,7/29/2019,11/14/2019,A,218,Charlotte,Co,CoA,4,3,1.28,11,7,49,2,58,56,0.965517241
EW,7/29/2019,11/14/2019,A,218,Charlotte,Co,CoA,4,4,0.758,10,1,43,10,54,44,0.814814815
EW,7/24/2019,,A,218,Charlotte,Co,CoA,2,1,1.131,17,6,52,16,74,58,0.783783784
EW,7/24/2019,,A,218,Charlotte,Co,CoA,2,2,1.272,16,2,46,30,78,48,0.615384615
EW,8/21/2019,,A,230,Knoll,Co,CoB,2,1,0.432,14,5,25,3,33,30,0.909090909
EW,8/21/2019,,A,230,Knoll,Co,CoB,2,2,0.523,13,0,1,1,2,1,0.5
EW,7/15/2019,,A,230,Knoll,Co,CoA,3,1,0.587,16,7,39,4,50,46,0.92
EW,7/15/2019,,A,230,Knoll,Co,CoA,3,2,0.562,11,8,28,3,39,36,0.923076923
EW,7/15/2019,,A,230,Knoll,Co,CoA,3,3,0.835,19,5,51,1,57,56,0.98245614
EW,7/29/2019,11/21/2019,A,109,Adams,HP,HPB,1,1,2.218,13,21,59,6,86,80,0.930232558
EW,7/26/2019,11/21/2019,A,109,Adams,HP,HPB,1,1,2.385,11,21,41,15,77,62,0.805194805
EW,7/29/2019,11/21/2019,A,109,Adams,Co,CoB,2,1,1.67,12,25,48,7,80,73,0.9125
EW,7/29/2019,11/21/2019,A,109,Adams,Co,CoB,2,2,1.735,12,19,52,3,74,71,0.959459459
EW,7/29/2019,11/21/2019,A,109,Adams,Co,CoA,3,1,1.734,12,31,41,4,76,72,0.947368421
EW,7/29/2019,11/21/2019,A,109,Adams,Co,CoA,3,2,2.285,15,33,29,5,67,62,0.925373134
EW,7/29/2019,11/21/2019,A,109,Adams,Co,CoA,3,3,1.868,12,21,43,11,75,64,0.853333333
EW,8/5/2019,11/21/2019,A,109,Adams,HP,HPA,1,1,1.278,10,17,44,1,62,61,0.983870968
EW,8/5/2019,11/21/2019,A,109,Adams,Co,CoA,2,1,2.105,12,24,52,3,79,76,0.962025316
EW,8/5/2019,11/21/2019,A,109,Adams,Co,CoA,2,2,1.231,11,15,48,3,66,63,0.954545455
EW,8/9/2019,11/21/2019,A,109,Adams,Co,CoA,2,1,1.502,12,15,44,7,66,59,0.893939394
EW,8/9/2019,11/21/2019,A,109,Adams,Co,CoA,2,2,1.155,12,17,50,5,72,67,0.930555556
EW,8/16/2019,11/21/2019,A,85,Isham,Co,CoA,1,1,1.476,11,9,59,2,70,68,0.971428571
EW,8/12/2019,11/21/2019,A,85,Isham,HP,HPA,1,1,1.543,11,33,38,5,76,71,0.934210526
EW,8/2/2019,11/21/2019,A,85,Isham,HP,HPB,1,1,2.995,11,41,37,11,89,78,0.876404494
EW,8/6/2019,11/21/2019,A,85,Isham,HP,HPC,1,1,2.053,11,29,37,3,69,66,0.956521739
EW,8/23/2019,,A,85,Isham,Co,CoA,1,1,0.854,13,7,25,6,38,32,0.842105263
EW,8/9/2019,,A,85,Isham,Co,CoA,1,1,2.261,14,28,43,4,75,71,0.946666667
EW,7/31/2019,,A,85,Isham,Co,CoB,1,1,1.176,13,15,60,4,79,75,0.949367089
GS,8/19/2019,12/3/2019,A,230,Knoll,HP,HPB,1,1,0.9834,14,13,71,6,90,84,0.933333333
GS,8/19/2018,12/3/2019,A,230,Knoll,Co,CoA,2,1,1.3147,14,18,88,9,115,106,0.92173913
GS,8/19/2018,12/3/2019,A,230,Knoll,Co,CoA,2,2,0.7334,13,1,23,2,26,24,0.923076923
GS,8/16/2019,12/3/2019,A,230,Knoll,Co,CoC,1,1,0.9052,15,9,62,4,75,71,0.946666667
GS,8/16/2019,12/3/2019,A,230,Knoll,HP,HPB,1,1,1.1044,14,27,59,2,88,86,0.977272727
GS,7/22/2019,12/3/2019,A,230,Knoll,Co,CoA,2,1,0.559,15,4,54,4,62,58,0.935483871
GS,7/22/2019,12/3/2019,A,230,Knoll,Co,CoA,2,2,0.7273,13,4,65,3,72,69,0.958333333
GS,7/18/2019,12/3/2019,A,351,Charlotte,HP,HPA,1,1,0.8671,9,15,49,10,74,64,0.864864865
GS,7/18/2019,12/3/2019,A,230,Knoll,HP,HPA,1,1,1.1765,11,29,36,5,70,65,0.928571429
GS,7/15/2019,12/3/2019,A,230,Knoll,HP,HPB,1,1,0.4119,18,9,57,1,67,66,0.985074627
GS,7/29/2019,12/3/2019,A,230,Knoll,Co,CoA,3,1,1.7656,10,33,58,5,96,91,0.947916667
GS,7/29/2019,12/3/2019,A,230,Knoll,Co,CoA,3,2,1.8633,11,24,51,2,77,75,0.974025974
GS,7/29/2019,12/3/2019,A,230,Knoll,Co,CoA,3,3,1.7907,10,35,61,10,106,96,0.905660377
GS,7/19/2019,12/3/2019,A,230,Knoll,Co,CoA,2,1,0.5119,10,12,47,8,67,59,0.880597015
GS,7/19/2019,12/3/2019,A,230,Knoll,Co,CoA,2,2,1.326,12,24,38,5,67,62,0.925373134
GS,8/5/2019,12/3/2019,A,230,Knoll,Co,CoA,4,1,1.2282,13,18,72,5,95,90,0.947368421
GS,8/5/2019,12/3/2019,A,230,Knoll,Co,CoA,4,2,1.7884,12,50,27,10,87,77,0.885057471
GS,8/5/2019,12/3/2019,A,230,Knoll,Co,CoA,4,3,1.8729,13,25,76,11,112,101,0.901785714
GS,8/5/2019,12/3/2019,A,230,Knoll,Co,CoA,4,4,1.2109,16,19,58,6,83,77,0.927710843
GS,7/31/2019,12/3/2019,A,230,Knoll,Co,CoA,2,1,1.2803,11,25,60,6,91,85,0.934065934
GS,7/31/2019,12/3/2019,A,230,Knoll,Co,CoA,2,2,1.207,9,22,64,2,88,86,0.977272727
GS,8/5/2019,12/14/2019,A,230,Knoll,Co,CoB,4,1,1.6552,11,28,45,2,75,73,0.973333333
GS,8/5/2019,12/14/2019,A,230,Knoll,Co,CoB,4,2,1.4708,9,27,50,4,81,77,0.950617284
GS,8/5/2019,12/14/2019,A,230,Knoll,Co,CoB,4,3,1.738,15,33,47,14,94,80,0.85106383
GS,8/5/2019,12/14/2019,A,230,Knoll,Co,CoB,4,4,1.6719,14,25,58,4,87,83,0.954022989
GS,7/31/2019,12/14/2019,A,230,Knoll,Co,CoB,1,1,1.2645,11,25,60,3,88,85,0.965909091
GS,8/2/2019,12/14/2019,A,230,Knoll,HP,HPA,1,1,1.3079,15,26,62,5,93,88,0.946236559
GS,7/26/2019,12/14/2019,A,230,Knoll,HP,HPA,1,1,1.4844,11,41,40,1,82,81,0.987804878
GS,7/24/2019,12/14/2019,A,230,Knoll,HP,HPA,1,1,1.7673,10,52,40,7,99,92,0.929292929
GS,7/22/2019,12/14/2019,A,230,Knoll,HP,HPB,2,1,1.8782,14,35,66,1,102,101,0.990196078
GS,7/22/2019,12/14/2019,A,230,Knoll,HP,HPB,2,2,1.8912,12,42,41,3,86,83,0.965116279
GS,8/5/2019,12/14/2019,A,230,Knoll,HP,HPC,2,1,0.9743,13,27,44,6,77,71,0.922077922
GS,8/5/2019,12/14/2019,A,230,Knoll,HP,HPC,2,2,1.3304,11,37,39,5,81,76,0.938271605
GS,8/2/2019,12/14/2019,A,230,Knoll,HP,HPC,1,1,1.2348,10,25,58,8,91,83,0.912087912
GS,8/9/2019,12/14/2019,A,230,Knoll,HP,HPC,1,1,1.3065,11,22,53,3,78,75,0.961538462
GS,7/19/2019,12/14/2019,A,299,FullBelly,HP,HPB,1,1,1.9095,12,36,52,10,98,88,0.897959184
GS,7/22/2019,12/14/2019,A,299,FullBelly,HP,HPB,3,1,2.0889,14,52,36,10,98,88,0.897959184
GS,7/22/2019,12/14/2019,A,299,FullBelly,HP,HPB,3,2,1.9269,13,28,42,6,76,70,0.921052632
GS,7/22/2019,12/14/2019,A,299,FullBelly,HP,HPB,3,3,2.2943,10,53,44,6,103,97,0.941747573
GS,7/26/2019,12/14/2019,A,299,FullBelly,HP,HPB,1,1,1.9646,10,24,47,12,83,71,0.855421687
GS,7/31/2019,12/14/2019,A,299,FullBelly,Co,CoB,1,1,1.7216,13,53,20,9,82,73,0.890243902
GS,7/29/2019,12/14/2019,A,299,FullBelly,Co,CoB,1,1,1.9415,13,39,38,7,84,77,0.916666667
GS,8/9/2019,12/14/2019,A,299,FullBelly,Co,CoB,2,1,1.1938,10,26,38,8,72,64,0.888888889
GS,8/9/2019,12/14/2019,A,299,FullBelly,Co,CoB,2,2,1.1911,9,25,30,9,64,55,0.859375
GS,8/9/2019,12/14/2019,A,299,FullBelly,Co,CoC,5,1,1.4259,19,8,58,19,85,66,0.776470588
GS,8/9/2019,12/14/2019,A,299,FullBelly,Co,CoC,5,2,1.7593,16,23,58,11,92,81,0.880434783
GS,8/6/2019,12/14/2019,A,148,Knoll,Co,CoA,5,1,0.8196,13,43,29,5,77,72,0.935064935
GS,8/6/2019,12/14/2019,A,148,Knoll,Co,CoA,5,2,0.4468,13,6,39,20,65,45,0.692307692
GS,8/6/2019,12/14/2019,A,148,Knoll,Co,CoA,5,3,0.852,12,28,60,4,92,88,0.956521739
GS,7/29/2019,12/14/2019,A,148,Knoll,Co,CoA,5,4,0.8519,13,19,53,5,77,72,0.935064935
GS,8/2/2019,12/14/2019,A,148,Knoll,Co,CoA,5,5,1.6423,11,15,69,7,91,84,0.923076923
GS,8/16/2019,12/14/2019,A,148,Knoll,Co,CoB,1,1,0.5667,11,15,45,11,71,60,0.845070423
GS,7/3/2019,12/14/2019,A,148,Knoll,Co,CoB,1,1,0.849,12,18,47,6,71,65,0.915492958
GS,8/2/2019,12/14/2019,A,148,Knoll,Co,CoB,1,1,1.8462,14,46,51,6,103,97,0.941747573
GS,8/19/2019,12/14/2019,A,148,Knoll,HP,HPA,1,1,0.5345,10,19,72,3,94,91,0.968085106
GS,7/29/2019,12/14/2019,A,148,Knoll,HP,HPB,2,1,0.7231,12,14,52,12,78,66,0.846153846
GS,7/29/2019,12/14/2019,A,148,Knoll,HP,HPB,2,2,0.7673,14,25,49,17,91,74,0.813186813
GS,7/26/2019,12/14/2019,A,148,Knoll,HP,HPB,1,1,0.8967,11,26,41,6,73,67,0.917808219
GS,8/5/2019,12/14/2019,A,148,Knoll,HP,HPB,1,1,0.685,10,23,40,12,75,63,0.84
GS,7/31/2019,12/14/2019,A,81,Knoll,Co,CoA,1,1,1.7489,16,26,59,20,105,85,0.80952381
GS,8/5/2019,12/14/2019,A,81,Knoll,Co,CoA,1,1,1.8853,15,21,61,9,91,82,0.901098901
GS,8/16/2019,12/14/2019,A,81,Knoll,Co,CoA,1,1,1.1778,19,5,47,21,73,52,0.712328767
